doc_id,bow
0,"[(0, 1), (1, 1), (2, 1), (3, 1), (4, 2), (5, 1), (6, 1), (7, 1), (8, 2), (9, 1), (10, 1), (11, 1), (12, 1), (13, 2), (14, 1), (15, 2), (16, 1), (17, 2), (18, 1), (19, 2), (20, 3), (21, 1), (22, 3), (23, 3), (24, 1), (25, 1), (26, 1), (27, 1), (28, 3), (29, 1), (30, 1), (31, 1), (32, 1), (33, 1), (34, 1), (35, 2), (36, 1), (37, 1), (38, 1), (39, 1), (40, 3), (41, 1), (42, 2), (43, 1), (44, 1), (45, 1), (46, 2), (47, 1), (48, 1), (49, 1), (50, 1), (51, 1), (52, 1), (53, 1), (54, 1), (55, 1), (56, 1), (57, 2), (58, 4), (59, 1), (60, 1), (61, 1), (62, 1), (63, 2), (64, 2), (65, 2), (66, 1), (67, 2), (68, 1), (69, 1), (70, 1), (71, 1), (72, 2), (73, 1), (74, 1), (75, 1), (76, 2), (77, 1), (78, 2), (79, 2), (80, 1), (81, 1), (82, 2), (83, 1), (84, 1), (85, 1), (86, 1), (87, 1), (88, 3), (89, 1), (90, 1), (91, 1), (92, 1), (93, 1), (94, 1), (95, 2), (96, 2), (97, 1), (98, 1), (99, 1), (100, 1), (101, 1), (102, 3), (103, 1), (104, 1), (105, 1), (106, 1), (107, 1), (108, 2), (109, 1), (110, 1), (111, 3), (112, 3), (113, 1), (114, 1), (115, 2), (116, 1), (117, 2), (118, 1), (119, 1), (120, 2), (121, 2), (122, 5), (123, 1), (124, 1), (125, 3), (126, 1), (127, 1), (128, 1), (129, 1), (130, 1), (131, 1), (132, 1), (133, 3), (134, 1), (135, 1), (136, 2), (137, 2), (138, 1), (139, 2), (140, 1), (141, 1), (142, 3), (143, 2), (144, 3), (145, 6), (146, 1), (147, 1), (148, 1), (149, 1), (150, 1), (151, 1), (152, 1), (153, 1), (154, 1), (155, 2), (156, 1), (157, 1), (158, 1), (159, 1), (160, 1), (161, 1), (162, 1), (163, 2), (164, 5), (165, 1), (166, 1), (167, 2), (168, 1), (169, 2), (170, 1), (171, 1), (172, 1), (173, 2), (174, 1), (175, 4), (176, 1), (177, 1), (178, 1), (179, 2), (180, 1), (181, 1), (182, 1), (183, 1), (184, 3), (185, 1), (186, 2), (187, 1), (188, 1), (189, 3), (190, 2), (191, 1), (192, 1), (193, 1), (194, 2), (195, 2), (196, 2), (197, 1), (198, 2), (199, 1), (200, 1), (201, 1), (202, 1), (203, 1), (204, 1), (205, 1), (206, 4), (207, 1), (208, 8), (209, 3), (210, 1), (211, 2), (212, 1), (213, 1), (214, 1), (215, 1), (216, 1), (217, 2), (218, 1), (219, 1), (220, 9), (221, 1), (222, 1), (223, 1), (224, 1), (225, 1), (226, 1), (227, 1), (228, 1), (229, 1), (230, 1), (231, 1), (232, 3), (233, 4), (234, 5), (235, 2), (236, 1), (237, 2), (238, 2), (239, 1), (240, 1), (241, 1), (242, 1), (243, 2), (244, 1), (245, 5), (246, 1), (247, 1), (248, 1), (249, 1), (250, 1), (251, 1), (252, 2), (253, 1), (254, 7), (255, 1), (256, 1), (257, 1), (258, 1), (259, 1), (260, 7), (261, 2), (262, 1), (263, 1), (264, 2), (265, 2), (266, 1), (267, 2), (268, 1), (269, 1), (270, 1), (271, 1), (272, 2), (273, 1), (274, 2), (275, 1), (276, 1), (277, 1), (278, 1), (279, 1), (280, 1), (281, 1), (282, 1), (283, 1), (284, 2), (285, 1), (286, 1), (287, 1), (288, 1), (289, 1), (290, 1), (291, 1), (292, 2), (293, 1), (294, 1), (295, 1), (296, 5), (297, 1), (298, 2), (299, 2), (300, 1), (301, 1), (302, 1), (303, 1), (304, 2), (305, 1), (306, 1), (307, 1), (308, 1), (309, 2), (310, 1), (311, 1), (312, 3), (313, 1), (314, 1), (315, 5), (316, 1), (317, 1), (318, 1), (319, 1), (320, 2), (321, 1), (322, 1), (323, 1), (324, 1), (325, 1), (326, 1), (327, 1), (328, 1), (329, 1), (330, 1), (331, 1), (332, 1), (333, 1), (334, 1), (335, 1), (336, 1), (337, 1), (338, 1), (339, 1), (340, 1), (341, 1), (342, 1), (343, 1), (344, 1), (345, 1), (346, 1), (347, 1), (348, 1), (349, 1), (350, 1), (351, 10), (352, 1), (353, 1), (354, 1), (355, 2), (356, 1), (357, 1), (358, 2), (359, 2), (360, 1), (361, 1), (362, 1), (363, 3), (364, 1), (365, 1), (366, 1), (367, 2), (368, 1), (369, 1), (370, 1), (371, 1), (372, 1), (373, 1), (374, 1), (375, 1), (376, 1), (377, 1), (378, 1), (379, 1), (380, 3), (381, 1), (382, 1), (383, 1), (384, 1), (385, 2), (386, 1), (387, 1), (388, 1), (389, 1), (390, 1), (391, 1), (392, 2), (393, 1), (394, 2), (395, 1), (396, 1), (397, 2), (398, 1), (399, 2), (400, 1), (401, 1), (402, 1), (403, 1), (404, 1), (405, 1), (406, 2), (407, 5), (408, 2), (409, 1), (410, 2), (411, 1), (412, 1), (413, 1), (414, 1), (415, 1), (416, 3), (417, 1), (418, 1), (419, 2), (420, 6), (421, 3), (422, 1), (423, 3), (424, 1), (425, 1), (426, 3), (427, 1), (428, 1), (429, 2), (430, 1), (431, 1), (432, 2), (433, 1), (434, 1), (435, 1), (436, 1), (437, 1), (438, 6), (439, 1), (440, 1), (441, 1), (442, 1), (443, 1), (444, 2), (445, 1), (446, 3), (447, 1), (448, 1), (449, 2), (450, 1), (451, 1), (452, 1), (453, 1), (454, 1), (455, 1), (456, 5), (457, 3), (458, 1), (459, 2), (460, 2), (461, 1), (462, 4), (463, 1), (464, 1), (465, 1), (466, 3), (467, 2), (468, 1), (469, 2), (470, 1), (471, 2), (472, 1), (473, 1), (474, 1), (475, 2), (476, 1), (477, 1), (478, 1), (479, 1), (480, 1), (481, 1), (482, 1), (483, 1), (484, 1), (485, 1), (486, 4), (487, 1), (488, 1), (489, 2), (490, 1), (491, 1), (492, 1), (493, 1), (494, 1), (495, 1), (496, 1), (497, 1), (498, 1), (499, 1), (500, 2), (501, 1), (502, 2), (503, 4), (504, 2), (505, 5), (506, 1), (507, 2), (508, 1), (509, 2), (510, 1), (511, 1), (512, 2), (513, 1), (514, 2), (515, 2), (516, 1), (517, 1), (518, 1), (519, 1), (520, 1), (521, 1), (522, 1)]"
1,"[(0, 1), (1, 1), (5, 1), (6, 1), (8, 1), (13, 1), (15, 1), (19, 3), (20, 2), (23, 2), (27, 1), (28, 2), (31, 3), (33, 15), (38, 2), (40, 1), (46, 1), (53, 1), (57, 2), (58, 2), (60, 2), (65, 1), (68, 1), (70, 1), (80, 1), (82, 2), (83, 1), (85, 2), (86, 3), (91, 1), (96, 2), (97, 1), (102, 2), (106, 3), (108, 2), (109, 1), (111, 3), (112, 1), (118, 1), (120, 1), (122, 5), (123, 1), (132, 1), (133, 1), (136, 1), (137, 1), (138, 1), (142, 1), (144, 5), (145, 3), (153, 2), (157, 1), (158, 1), (160, 1), (163, 1), (164, 5), (169, 12), (170, 2), (171, 1), (174, 10), (175, 7), (177, 1), (179, 2), (180, 1), (182, 3), (185, 1), (187, 1), (189, 1), (190, 1), (195, 1), (198, 1), (208, 3), (220, 2), (221, 1), (223, 1), (233, 2), (238, 1), (240, 1), (241, 1), (244, 1), (245, 5), (252, 2), (254, 1), (258, 4), (260, 3), (261, 4), (262, 1), (264, 2), (273, 1), (274, 1), (280, 2), (283, 1), (286, 1), (289, 1), (290, 1), (291, 1), (295, 2), (296, 1), (300, 2), (301, 1), (302, 1), (303, 1), (308, 1), (309, 1), (315, 3), (320, 2), (321, 1), (331, 1), (344, 4), (349, 1), (351, 8), (355, 1), (358, 1), (359, 2), (360, 2), (363, 1), (365, 1), (366, 1), (370, 1), (373, 1), (374, 1), (383, 1), (384, 1), (385, 2), (388, 2), (389, 1), (391, 1), (393, 1), (394, 1), (397, 6), (398, 1), (399, 5), (400, 1), (401, 2), (407, 1), (409, 1), (411, 1), (412, 1), (416, 1), (418, 1), (419, 3), (420, 2), (421, 1), (422, 2), (426, 2), (430, 1), (433, 4), (437, 1), (438, 1), (440, 1), (441, 3), (445, 1), (456, 1), (461, 2), (462, 7), (464, 1), (469, 1), (481, 1), (482, 4), (498, 1), (500, 1), (503, 4), (505, 4), (506, 1), (508, 1), (515, 2), (518, 2), (519, 2), (521, 1), (523, 1), (524, 1), (525, 1), (526, 1), (527, 2), (528, 2), (529, 1), (530, 1), (531, 1), (532, 1), (533, 1), (534, 2), (535, 1), (536, 1), (537, 1), (538, 1), (539, 1), (540, 1), (541, 1), (542, 1), (543, 1), (544, 1), (545, 1), (546, 2), (547, 1), (548, 4), (549, 2), (550, 1), (551, 1), (552, 1), (553, 1), (554, 1), (555, 2), (556, 1), (557, 1), (558, 1), (559, 1), (560, 1), (561, 1), (562, 1), (563, 1), (564, 1), (565, 2), (566, 6), (567, 1), (568, 1), (569, 1), (570, 1), (571, 2), (572, 1), (573, 1), (574, 1), (575, 1), (576, 1), (577, 1), (578, 1), (579, 1), (580, 1), (581, 3), (582, 1), (583, 1), (584, 1), (585, 1), (586, 1), (587, 1), (588, 1), (589, 1), (590, 1), (591, 1), (592, 1), (593, 1), (594, 1), (595, 1), (596, 1), (597, 1), (598, 1), (599, 1), (600, 1), (601, 1), (602, 1), (603, 1), (604, 1), (605, 1), (606, 1), (607, 1), (608, 1), (609, 1), (610, 1), (611, 1), (612, 1), (613, 1), (614, 1), (615, 1), (616, 1), (617, 1), (618, 1), (619, 1), (620, 1), (621, 1), (622, 1), (623, 1), (624, 1), (625, 2), (626, 1), (627, 1), (628, 1), (629, 1), (630, 1), (631, 1), (632, 2), (633, 1), (634, 2), (635, 1), (636, 1), (637, 1), (638, 1), (639, 1), (640, 1), (641, 1), (642, 1), (643, 1), (644, 1), (645, 1), (646, 1), (647, 1), (648, 1), (649, 1), (650, 1), (651, 1), (652, 1), (653, 1), (654, 1), (655, 2), (656, 1), (657, 1), (658, 1), (659, 1), (660, 1), (661, 1), (662, 1), (663, 3), (664, 1), (665, 1), (666, 1), (667, 2), (668, 1), (669, 2), (670, 3), (671, 1), (672, 1), (673, 1), (674, 1), (675, 3), (676, 1), (677, 1), (678, 1), (679, 1), (680, 4), (681, 2), (682, 1), (683, 1), (684, 1), (685, 2), (686, 1), (687, 1), (688, 1), (689, 1), (690, 3), (691, 1), (692, 1), (693, 2), (694, 1), (695, 1), (696, 1), (697, 1), (698, 1), (699, 1), (700, 1), (701, 1), (702, 2), (703, 1), (704, 1), (705, 4), (706, 2), (707, 1), (708, 1), (709, 1), (710, 2), (711, 1), (712, 1), (713, 2), (714, 1), (715, 1), (716, 1), (717, 1), (718, 1), (719, 3), (720, 1), (721, 1), (722, 1), (723, 1), (724, 1), (725, 2), (726, 1), (727, 1), (728, 2), (729, 1), (730, 1), (731, 1), (732, 1), (733, 2), (734, 4), (735, 1), (736, 1), (737, 1), (738, 1), (739, 1), (740, 2), (741, 3), (742, 1), (743, 1), (744, 1), (745, 2), (746, 2), (747, 1), (748, 1), (749, 1), (750, 1), (751, 1), (752, 1), (753, 2), (754, 1), (755, 1), (756, 2), (757, 1), (758, 1), (759, 1), (760, 1), (761, 3), (762, 1), (763, 4), (764, 1), (765, 1), (766, 2), (767, 1), (768, 1), (769, 1), (770, 1), (771, 1), (772, 1), (773, 1), (774, 1), (775, 1), (776, 1), (777, 1), (778, 1), (779, 1), (780, 1), (781, 1), (782, 1), (783, 2), (784, 1), (785, 1), (786, 1), (787, 1), (788, 1), (789, 2), (790, 1), (791, 1), (792, 2), (793, 1), (794, 2), (795, 2), (796, 2), (797, 2), (798, 1), (799, 1), (800, 1), (801, 1), (802, 1), (803, 1), (804, 1), (805, 1), (806, 1), (807, 1), (808, 1), (809, 1), (810, 1), (811, 1), (812, 1), (813, 1), (814, 2), (815, 1), (816, 1), (817, 1), (818, 1), (819, 1), (820, 1), (821, 1), (822, 1), (823, 1), (824, 1), (825, 2), (826, 1), (827, 3), (828, 1), (829, 1), (830, 1), (831, 1), (832, 1), (833, 1), (834, 1), (835, 1), (836, 1), (837, 1), (838, 1), (839, 1), (840, 1), (841, 2), (842, 1), (843, 1), (844, 1), (845, 1), (846, 1), (847, 1), (848, 1), (849, 5), (850, 1), (851, 1), (852, 3), (853, 4)]"
2,"[(6, 1), (8, 1), (13, 1), (15, 1), (19, 2), (22, 1), (23, 1), (30, 1), (33, 3), (38, 1), (40, 1), (43, 2), (46, 1), (53, 1), (58, 1), (59, 1), (63, 1), (64, 1), (65, 3), (68, 3), (70, 2), (78, 1), (82, 1), (83, 1), (86, 1), (88, 1), (96, 1), (102, 1), (109, 1), (111, 1), (112, 3), (116, 1), (118, 1), (119, 1), (121, 1), (123, 1), (125, 1), (130, 1), (133, 1), (135, 2), (137, 1), (138, 1), (140, 1), (141, 1), (143, 1), (145, 1), (147, 1), (149, 1), (151, 1), (153, 1), (160, 2), (164, 3), (169, 2), (173, 1), (177, 1), (182, 1), (183, 1), (184, 1), (185, 2), (189, 1), (190, 1), (194, 2), (196, 1), (202, 1), (206, 1), (208, 4), (211, 1), (216, 1), (217, 2), (220, 2), (221, 2), (232, 1), (233, 1), (234, 2), (236, 1), (238, 1), (244, 1), (245, 4), (249, 1), (253, 2), (254, 1), (260, 2), (263, 1), (265, 2), (274, 1), (282, 1), (284, 1), (291, 1), (299, 1), (300, 1), (302, 1), (306, 1), (308, 2), (309, 1), (311, 1), (312, 1), (313, 1), (315, 1), (319, 1), (328, 1), (339, 1), (342, 1), (344, 1), (353, 1), (357, 1), (358, 1), (360, 1), (363, 2), (365, 4), (370, 1), (371, 1), (380, 2), (384, 1), (385, 1), (388, 1), (394, 1), (397, 3), (399, 1), (406, 1), (407, 2), (408, 1), (409, 1), (412, 2), (421, 2), (424, 1), (433, 1), (438, 2), (446, 1), (453, 1), (456, 1), (457, 1), (462, 2), (464, 1), (466, 1), (469, 2), (472, 1), (473, 1), (474, 1), (476, 1), (479, 1), (482, 1), (487, 1), (488, 1), (489, 1), (498, 1), (500, 1), (502, 2), (503, 1), (505, 2), (507, 2), (508, 1), (513, 1), (519, 1), (522, 1), (546, 2), (566, 1), (632, 1), (648, 1), (675, 1), (709, 1), (715, 1), (735, 1), (745, 1), (762, 1), (766, 1), (773, 1), (774, 1), (775, 1), (801, 1), (821, 1), (854, 1), (855, 1), (856, 1), (857, 1), (858, 1), (859, 1), (860, 1), (861, 1), (862, 1), (863, 1), (864, 1), (865, 1), (866, 1), (867, 1), (868, 1), (869, 1), (870, 2), (871, 1), (872, 1), (873, 1), (874, 1), (875, 1), (876, 1), (877, 1), (878, 1), (879, 2), (880, 1), (881, 1), (882, 1), (883, 1), (884, 1), (885, 1), (886, 1), (887, 1), (888, 1), (889, 1), (890, 2), (891, 1), (892, 1), (893, 1), (894, 1), (895, 1), (896, 1), (897, 1), (898, 1), (899, 1), (900, 1), (901, 1), (902, 1), (903, 1), (904, 1), (905, 1), (906, 1), (907, 1), (908, 1), (909, 1), (910, 1), (911, 1)]"
3,"[(0, 2), (8, 1), (19, 1), (22, 2), (23, 4), (27, 2), (28, 1), (40, 2), (41, 1), (51, 1), (58, 1), (63, 1), (64, 2), (71, 1), (72, 1), (77, 1), (78, 1), (88, 1), (95, 1), (96, 2), (102, 1), (112, 2), (116, 1), (118, 2), (121, 1), (122, 2), (123, 2), (125, 1), (144, 4), (145, 3), (156, 1), (157, 1), (160, 2), (164, 2), (174, 3), (175, 1), (182, 2), (184, 3), (185, 1), (190, 1), (195, 1), (196, 2), (206, 3), (208, 2), (210, 2), (211, 1), (220, 1), (224, 1), (234, 1), (235, 3), (236, 1), (238, 3), (240, 3), (241, 1), (242, 2), (249, 1), (253, 1), (254, 3), (256, 1), (258, 1), (260, 3), (261, 6), (262, 3), (263, 1), (264, 1), (265, 1), (273, 1), (278, 2), (284, 1), (287, 1), (291, 1), (295, 1), (303, 1), (312, 1), (315, 2), (320, 1), (321, 1), (326, 1), (328, 1), (330, 1), (347, 2), (351, 2), (356, 2), (358, 2), (359, 2), (362, 1), (363, 1), (387, 2), (389, 2), (391, 1), (397, 1), (398, 1), (402, 1), (406, 1), (407, 1), (408, 1), (411, 1), (412, 1), (426, 1), (429, 1), (438, 1), (445, 1), (446, 2), (448, 1), (456, 1), (458, 1), (460, 1), (462, 2), (471, 1), (475, 1), (500, 1), (505, 3), (507, 1), (509, 1), (512, 1), (515, 1), (517, 1), (521, 2), (522, 1), (537, 1), (540, 1), (546, 1), (549, 1), (561, 1), (577, 2), (612, 1), (616, 1), (620, 1), (621, 1), (624, 1), (630, 3), (633, 1), (634, 1), (635, 1), (642, 1), (661, 1), (666, 1), (670, 1), (677, 1), (700, 3), (704, 2), (715, 1), (717, 1), (718, 1), (734, 1), (735, 1), (737, 1), (746, 1), (766, 1), (772, 3), (778, 2), (779, 1), (784, 1), (792, 2), (820, 1), (827, 3), (834, 1), (840, 1), (848, 1), (853, 1), (866, 1), (879, 1), (887, 1), (890, 1), (898, 1), (906, 2), (912, 1), (913, 1), (914, 1), (915, 1), (916, 1), (917, 1), (918, 1), (919, 1), (920, 1), (921, 1), (922, 1), (923, 1), (924, 1), (925, 1), (926, 1), (927, 1), (928, 1), (929, 1), (930, 1), (931, 1), (932, 1), (933, 1), (934, 1), (935, 1), (936, 1), (937, 1), (938, 1), (939, 1), (940, 3), (941, 1), (942, 1), (943, 1), (944, 1), (945, 1), (946, 1), (947, 1), (948, 2), (949, 3), (950, 1), (951, 1), (952, 2), (953, 1), (954, 1), (955, 1), (956, 5), (957, 1), (958, 1), (959, 1), (960, 1), (961, 1), (962, 1), (963, 1), (964, 1), (965, 1), (966, 1), (967, 1), (968, 1), (969, 2), (970, 2), (971, 1), (972, 1), (973, 1), (974, 1), (975, 1), (976, 1), (977, 1), (978, 1), (979, 2), (980, 1), (981, 1), (982, 1), (983, 2), (984, 1), (985, 1), (986, 1), (987, 1), (988, 1), (989, 1), (990, 1), (991, 1), (992, 1), (993, 1), (994, 1), (995, 1), (996, 1), (997, 1), (998, 1), (999, 1), (1000, 1), (1001, 1), (1002, 1), (1003, 1), (1004, 8), (1005, 2), (1006, 1), (1007, 1), (1008, 1), (1009, 1), (1010, 1), (1011, 1), (1012, 1), (1013, 1), (1014, 1), (1015, 2), (1016, 1), (1017, 1), (1018, 3), (1019, 1), (1020, 1), (1021, 1), (1022, 1), (1023, 1), (1024, 1), (1025, 1), (1026, 1), (1027, 1), (1028, 1), (1029, 1), (1030, 2), (1031, 1), (1032, 1), (1033, 1), (1034, 1), (1035, 2), (1036, 1), (1037, 1), (1038, 1), (1039, 2), (1040, 1)]"
4,"[(15, 2), (19, 2), (20, 2), (22, 1), (23, 1), (26, 1), (28, 1), (33, 2), (44, 1), (63, 1), (70, 1), (75, 1), (78, 3), (82, 5), (117, 1), (122, 1), (139, 2), (144, 1), (145, 1), (146, 1), (160, 1), (163, 1), (164, 1), (172, 1), (174, 1), (184, 1), (185, 1), (192, 2), (195, 2), (196, 1), (198, 1), (205, 2), (208, 2), (220, 1), (231, 4), (233, 1), (238, 3), (240, 2), (249, 1), (252, 1), (254, 9), (257, 1), (261, 2), (262, 1), (263, 1), (264, 2), (286, 1), (290, 1), (291, 1), (296, 2), (300, 1), (303, 1), (312, 1), (326, 1), (331, 1), (341, 1), (351, 1), (355, 2), (363, 2), (385, 1), (397, 1), (399, 1), (407, 1), (410, 1), (418, 1), (419, 5), (420, 2), (421, 1), (424, 1), (429, 2), (430, 1), (438, 2), (454, 1), (456, 1), (462, 2), (466, 2), (471, 1), (499, 1), (502, 1), (505, 3), (512, 2), (513, 4), (515, 2), (518, 1), (521, 1), (537, 1), (557, 1), (561, 1), (573, 1), (576, 2), (593, 1), (614, 1), (632, 2), (655, 1), (658, 1), (669, 2), (671, 1), (677, 1), (702, 5), (704, 1), (710, 1), (715, 2), (721, 1), (728, 1), (731, 1), (734, 1), (735, 2), (737, 1), (738, 1), (746, 2), (755, 1), (767, 1), (784, 3), (791, 4), (822, 1), (827, 1), (840, 1), (846, 1), (857, 1), (878, 1), (879, 1), (887, 1), (897, 1), (903, 1), (923, 3), (948, 2), (961, 2), (968, 5), (973, 1), (997, 1), (1003, 1), (1015, 1), (1041, 1), (1042, 1), (1043, 1), (1044, 1), (1045, 1), (1046, 1), (1047, 2), (1048, 3), (1049, 1), (1050, 1), (1051, 1), (1052, 1), (1053, 1), (1054, 2), (1055, 2), (1056, 1), (1057, 1), (1058, 2), (1059, 1), (1060, 1), (1061, 1), (1062, 4), (1063, 1), (1064, 1), (1065, 1), (1066, 1), (1067, 1), (1068, 2), (1069, 1), (1070, 2), (1071, 1), (1072, 2), (1073, 2), (1074, 2), (1075, 1), (1076, 1), (1077, 1), (1078, 1), (1079, 1), (1080, 1), (1081, 1), (1082, 1), (1083, 1), (1084, 3), (1085, 1), (1086, 1), (1087, 1), (1088, 1), (1089, 1), (1090, 1), (1091, 1), (1092, 1), (1093, 1), (1094, 1), (1095, 1), (1096, 1), (1097, 1), (1098, 1), (1099, 1), (1100, 1), (1101, 1), (1102, 1), (1103, 1), (1104, 1), (1105, 2), (1106, 1), (1107, 1), (1108, 1), (1109, 1), (1110, 2), (1111, 1), (1112, 1), (1113, 1), (1114, 1), (1115, 1), (1116, 1), (1117, 1), (1118, 1), (1119, 1), (1120, 2), (1121, 1), (1122, 3), (1123, 10), (1124, 1), (1125, 1), (1126, 1), (1127, 2), (1128, 1), (1129, 1), (1130, 1), (1131, 1), (1132, 1), (1133, 3), (1134, 3), (1135, 1), (1136, 3), (1137, 1), (1138, 1), (1139, 1), (1140, 1), (1141, 1), (1142, 1), (1143, 1), (1144, 1), (1145, 1), (1146, 1), (1147, 1), (1148, 1), (1149, 1), (1150, 1), (1151, 2), (1152, 4), (1153, 1), (1154, 1), (1155, 2), (1156, 1), (1157, 1), (1158, 1), (1159, 1), (1160, 1), (1161, 1), (1162, 1), (1163, 1), (1164, 1), (1165, 1), (1166, 1), (1167, 1), (1168, 1), (1169, 1)]"
5,"[(15, 2), (19, 1), (20, 3), (26, 1), (27, 1), (28, 1), (36, 1), (40, 2), (42, 1), (60, 1), (61, 1), (65, 1), (70, 2), (76, 1), (78, 5), (79, 1), (85, 2), (93, 3), (96, 2), (97, 3), (98, 1), (102, 2), (106, 1), (117, 1), (137, 1), (141, 1), (142, 1), (145, 2), (149, 1), (154, 1), (172, 1), (174, 7), (180, 1), (184, 3), (189, 1), (192, 1), (208, 1), (220, 2), (232, 1), (235, 1), (250, 1), (252, 5), (254, 1), (256, 1), (257, 1), (258, 1), (260, 1), (261, 1), (262, 1), (263, 1), (270, 1), (272, 1), (286, 1), (287, 3), (288, 2), (289, 2), (291, 1), (294, 1), (295, 4), (296, 7), (298, 1), (300, 2), (301, 1), (303, 1), (305, 1), (308, 1), (312, 3), (330, 1), (332, 5), (346, 1), (351, 6), (355, 1), (358, 3), (359, 2), (376, 1), (382, 1), (383, 1), (385, 1), (389, 2), (390, 2), (391, 1), (406, 1), (415, 1), (418, 1), (423, 1), (425, 1), (426, 1), (437, 2), (438, 1), (439, 2), (444, 2), (445, 2), (456, 4), (461, 3), (498, 3), (505, 2), (515, 5), (521, 2), (533, 2), (536, 1), (537, 1), (539, 2), (549, 1), (558, 1), (561, 2), (563, 1), (580, 1), (592, 1), (602, 1), (627, 1), (630, 1), (632, 4), (636, 1), (649, 1), (655, 4), (670, 2), (671, 1), (673, 1), (677, 1), (686, 4), (693, 4), (699, 1), (700, 1), (702, 1), (707, 1), (708, 1), (710, 1), (716, 2), (721, 1), (728, 1), (734, 1), (735, 1), (752, 1), (754, 1), (755, 1), (759, 1), (779, 1), (790, 2), (794, 3), (820, 1), (841, 1), (853, 1), (855, 1), (858, 4), (864, 1), (871, 3), (876, 1), (883, 2), (887, 1), (890, 1), (909, 1), (910, 4), (929, 1), (931, 1), (939, 1), (942, 2), (953, 1), (956, 2), (963, 1), (965, 8), (968, 1), (983, 3), (984, 2), (998, 2), (1004, 1), (1012, 1), (1024, 1), (1025, 1), (1028, 1), (1083, 1), (1084, 3), (1092, 1), (1101, 1), (1108, 1), (1119, 5), (1124, 1), (1125, 1), (1152, 1), (1153, 1), (1159, 1), (1170, 1), (1171, 2), (1172, 1), (1173, 3), (1174, 1), (1175, 1), (1176, 1), (1177, 1), (1178, 1), (1179, 1), (1180, 1), (1181, 1), (1182, 1), (1183, 1), (1184, 2), (1185, 1), (1186, 1), (1187, 4), (1188, 1), (1189, 1), (1190, 1), (1191, 2), (1192, 1), (1193, 1), (1194, 1), (1195, 1), (1196, 1), (1197, 1), (1198, 1), (1199, 1), (1200, 2), (1201, 1), (1202, 1), (1203, 1), (1204, 1), (1205, 2), (1206, 1), (1207, 1), (1208, 1), (1209, 1), (1210, 1), (1211, 2), (1212, 1), (1213, 2), (1214, 1), (1215, 1), (1216, 2), (1217, 1), (1218, 1), (1219, 1), (1220, 1), (1221, 1), (1222, 1), (1223, 5), (1224, 1), (1225, 1), (1226, 1), (1227, 1), (1228, 1), (1229, 3), (1230, 2), (1231, 1), (1232, 1), (1233, 2), (1234, 1), (1235, 1), (1236, 1), (1237, 1), (1238, 2), (1239, 1), (1240, 1), (1241, 1), (1242, 2), (1243, 1), (1244, 1), (1245, 1), (1246, 3), (1247, 1), (1248, 1), (1249, 1), (1250, 1), (1251, 1), (1252, 3), (1253, 1), (1254, 1), (1255, 1), (1256, 1), (1257, 1), (1258, 1), (1259, 1), (1260, 1), (1261, 1), (1262, 1), (1263, 1), (1264, 1), (1265, 1), (1266, 1), (1267, 2), (1268, 1), (1269, 2), (1270, 1), (1271, 3), (1272, 4), (1273, 1), (1274, 1), (1275, 1), (1276, 1), (1277, 1), (1278, 6), (1279, 2), (1280, 2), (1281, 2), (1282, 1), (1283, 1), (1284, 1), (1285, 1), (1286, 2), (1287, 2), (1288, 1), (1289, 1), (1290, 1), (1291, 1), (1292, 2), (1293, 1), (1294, 1), (1295, 1), (1296, 1), (1297, 1), (1298, 1), (1299, 2), (1300, 1), (1301, 2), (1302, 5), (1303, 1), (1304, 1), (1305, 1), (1306, 1), (1307, 3), (1308, 1), (1309, 3), (1310, 1), (1311, 2), (1312, 2), (1313, 1), (1314, 1), (1315, 1), (1316, 3), (1317, 1), (1318, 2), (1319, 1), (1320, 1), (1321, 1), (1322, 1), (1323, 1), (1324, 1), (1325, 2), (1326, 2), (1327, 1), (1328, 1), (1329, 1), (1330, 1), (1331, 1), (1332, 6), (1333, 3), (1334, 1), (1335, 1), (1336, 1), (1337, 1), (1338, 1), (1339, 2), (1340, 1), (1341, 1), (1342, 9), (1343, 1), (1344, 1), (1345, 1), (1346, 1), (1347, 3), (1348, 1), (1349, 1), (1350, 2), (1351, 1), (1352, 1), (1353, 1), (1354, 1), (1355, 1), (1356, 1), (1357, 2), (1358, 1), (1359, 1), (1360, 1), (1361, 1), (1362, 1), (1363, 1), (1364, 1), (1365, 1), (1366, 1), (1367, 1), (1368, 1), (1369, 1), (1370, 1), (1371, 1), (1372, 1), (1373, 1), (1374, 1), (1375, 1), (1376, 1), (1377, 1), (1378, 1), (1379, 1), (1380, 1), (1381, 1), (1382, 1), (1383, 2), (1384, 1), (1385, 1), (1386, 1), (1387, 2), (1388, 1), (1389, 1), (1390, 1), (1391, 1), (1392, 1), (1393, 1), (1394, 1), (1395, 1), (1396, 1), (1397, 1), (1398, 1), (1399, 1), (1400, 1), (1401, 1), (1402, 1), (1403, 1), (1404, 1), (1405, 1), (1406, 1), (1407, 1), (1408, 1), (1409, 2), (1410, 1), (1411, 1), (1412, 1), (1413, 2), (1414, 1), (1415, 7), (1416, 1), (1417, 1), (1418, 5), (1419, 2), (1420, 1), (1421, 1), (1422, 1), (1423, 3), (1424, 1), (1425, 1), (1426, 1), (1427, 1), (1428, 2), (1429, 1), (1430, 1), (1431, 2), (1432, 1), (1433, 1), (1434, 1), (1435, 2), (1436, 3), (1437, 4), (1438, 1), (1439, 1), (1440, 1), (1441, 1), (1442, 2), (1443, 1), (1444, 2), (1445, 13), (1446, 26), (1447, 5)]"
6,"[(4, 1), (5, 1), (18, 1), (19, 4), (21, 1), (22, 2), (26, 1), (31, 2), (51, 1), (53, 1), (69, 2), (70, 2), (78, 1), (79, 4), (96, 1), (102, 1), (109, 1), (112, 5), (115, 1), (116, 1), (117, 1), (124, 2), (125, 1), (135, 1), (138, 2), (147, 1), (154, 1), (156, 2), (157, 1), (164, 9), (169, 3), (174, 1), (184, 1), (190, 1), (200, 1), (202, 1), (204, 1), (205, 1), (208, 1), (220, 6), (223, 2), (225, 1), (231, 1), (237, 2), (240, 1), (245, 2), (254, 5), (274, 1), (283, 1), (289, 1), (294, 1), (295, 2), (296, 4), (299, 2), (300, 3), (301, 1), (305, 2), (306, 1), (308, 1), (329, 1), (330, 2), (340, 1), (349, 1), (350, 2), (351, 8), (358, 1), (373, 1), (380, 1), (385, 1), (394, 1), (397, 1), (411, 1), (416, 4), (418, 1), (419, 1), (420, 1), (425, 2), (426, 1), (430, 1), (437, 1), (441, 1), (445, 1), (446, 1), (456, 1), (462, 2), (466, 3), (482, 1), (498, 2), (503, 2), (504, 2), (505, 1), (507, 2), (509, 2), (513, 2), (515, 3), (517, 1), (521, 3), (534, 3), (535, 1), (541, 1), (566, 2), (571, 1), (585, 3), (590, 1), (591, 1), (593, 1), (594, 1), (603, 1), (604, 1), (611, 2), (620, 1), (624, 1), (632, 1), (640, 1), (648, 3), (655, 1), (660, 1), (670, 1), (671, 1), (672, 1), (673, 2), (675, 1), (676, 1), (677, 2), (681, 1), (702, 1), (704, 1), (706, 1), (714, 2), (734, 2), (737, 2), (753, 1), (758, 1), (774, 1), (784, 1), (786, 2), (787, 1), (790, 1), (795, 1), (796, 1), (802, 2), (822, 1), (827, 3), (841, 1), (844, 1), (848, 1), (864, 1), (865, 2), (868, 1), (871, 1), (873, 2), (876, 1), (879, 4), (891, 1), (899, 1), (910, 1), (930, 2), (932, 2), (943, 1), (948, 1), (956, 1), (961, 1), (965, 2), (975, 1), (997, 1), (1003, 1), (1024, 1), (1028, 3), (1042, 1), (1084, 1), (1100, 1), (1165, 1), (1183, 1), (1215, 1), (1219, 1), (1225, 1), (1287, 1), (1292, 2), (1307, 1), (1327, 1), (1369, 1), (1378, 2), (1415, 1), (1418, 1), (1448, 1), (1449, 2), (1450, 1), (1451, 1), (1452, 1), (1453, 1), (1454, 2), (1455, 2), (1456, 1), (1457, 1), (1458, 1), (1459, 1), (1460, 1), (1461, 1), (1462, 1), (1463, 1), (1464, 1), (1465, 1), (1466, 1), (1467, 1), (1468, 2), (1469, 1), (1470, 1), (1471, 1), (1472, 1), (1473, 1), (1474, 1), (1475, 1), (1476, 1), (1477, 1), (1478, 2), (1479, 1), (1480, 1), (1481, 1), (1482, 1), (1483, 1), (1484, 1), (1485, 1), (1486, 2), (1487, 1), (1488, 1), (1489, 2), (1490, 4), (1491, 1), (1492, 2), (1493, 1), (1494, 1), (1495, 1), (1496, 1), (1497, 1), (1498, 1), (1499, 1), (1500, 1), (1501, 1), (1502, 1), (1503, 1), (1504, 1), (1505, 1), (1506, 2), (1507, 1), (1508, 1), (1509, 1), (1510, 1), (1511, 1), (1512, 3), (1513, 1), (1514, 1), (1515, 1), (1516, 1), (1517, 1), (1518, 1), (1519, 1), (1520, 1), (1521, 1), (1522, 1), (1523, 1), (1524, 1), (1525, 1), (1526, 1), (1527, 1), (1528, 1), (1529, 2), (1530, 1), (1531, 1), (1532, 1), (1533, 2), (1534, 1), (1535, 1), (1536, 1), (1537, 1), (1538, 1), (1539, 2), (1540, 1), (1541, 2), (1542, 3), (1543, 1), (1544, 1), (1545, 1), (1546, 1), (1547, 2), (1548, 1), (1549, 1), (1550, 1), (1551, 1), (1552, 1), (1553, 1), (1554, 1), (1555, 1), (1556, 1), (1557, 1), (1558, 1), (1559, 1), (1560, 1), (1561, 1), (1562, 1), (1563, 1), (1564, 1), (1565, 1), (1566, 1), (1567, 2), (1568, 1), (1569, 1), (1570, 1), (1571, 1), (1572, 1), (1573, 1), (1574, 1), (1575, 1), (1576, 1), (1577, 1), (1578, 1), (1579, 1), (1580, 2), (1581, 1), (1582, 1), (1583, 1), (1584, 1), (1585, 1), (1586, 1), (1587, 1), (1588, 1), (1589, 1), (1590, 1), (1591, 1), (1592, 1), (1593, 1), (1594, 1), (1595, 1), (1596, 1), (1597, 1), (1598, 1), (1599, 1), (1600, 1), (1601, 1), (1602, 1), (1603, 3), (1604, 1), (1605, 1), (1606, 1), (1607, 1), (1608, 2)]"
7,"[(0, 1), (1, 1), (15, 1), (19, 2), (28, 1), (29, 2), (35, 1), (38, 1), (40, 8), (41, 1), (57, 2), (58, 1), (64, 1), (65, 2), (67, 1), (70, 2), (79, 4), (89, 2), (99, 1), (102, 4), (106, 1), (112, 12), (116, 1), (117, 3), (125, 1), (132, 1), (138, 1), (139, 3), (144, 9), (145, 1), (156, 1), (157, 2), (159, 2), (162, 1), (164, 1), (170, 2), (176, 1), (180, 1), (182, 1), (190, 2), (191, 1), (198, 1), (200, 1), (219, 1), (220, 6), (221, 1), (232, 1), (241, 2), (245, 1), (252, 3), (254, 2), (257, 1), (260, 2), (261, 10), (262, 5), (264, 3), (287, 1), (300, 1), (302, 1), (308, 2), (309, 39), (315, 1), (323, 1), (330, 1), (347, 3), (349, 1), (351, 2), (362, 1), (365, 4), (373, 1), (380, 1), (386, 1), (389, 1), (397, 1), (399, 1), (405, 2), (412, 1), (417, 1), (419, 1), (420, 1), (421, 1), (433, 1), (438, 1), (444, 1), (458, 4), (459, 1), (466, 4), (484, 1), (485, 3), (498, 2), (504, 1), (511, 1), (515, 2), (521, 3), (533, 2), (536, 1), (538, 1), (553, 1), (557, 3), (595, 6), (600, 1), (610, 1), (612, 1), (620, 3), (621, 1), (624, 2), (630, 1), (632, 2), (654, 3), (658, 1), (674, 1), (680, 1), (700, 1), (702, 2), (707, 1), (709, 1), (717, 1), (733, 1), (734, 2), (736, 1), (746, 1), (751, 1), (765, 2), (769, 2), (778, 6), (781, 1), (784, 1), (790, 1), (792, 2), (804, 2), (827, 2), (834, 13), (835, 4), (841, 1), (844, 2), (846, 1), (864, 2), (873, 1), (893, 1), (896, 3), (897, 2), (898, 4), (924, 1), (925, 2), (929, 2), (930, 1), (947, 1), (949, 1), (956, 1), (959, 1), (969, 2), (975, 1), (979, 1), (984, 1), (985, 6), (988, 1), (999, 1), (1001, 1), (1004, 1), (1005, 2), (1017, 1), (1035, 2), (1045, 1), (1095, 1), (1117, 1), (1119, 4), (1124, 1), (1183, 1), (1186, 1), (1188, 1), (1217, 1), (1220, 1), (1235, 1), (1267, 1), (1292, 1), (1296, 1), (1330, 3), (1363, 1), (1370, 1), (1372, 1), (1384, 1), (1422, 1), (1453, 1), (1455, 2), (1458, 1), (1460, 1), (1523, 1), (1529, 1), (1552, 2), (1603, 1), (1608, 1), (1609, 1), (1610, 1), (1611, 1), (1612, 1), (1613, 1), (1614, 1), (1615, 1), (1616, 1), (1617, 2), (1618, 2), (1619, 1), (1620, 1), (1621, 1), (1622, 1), (1623, 1), (1624, 1), (1625, 1), (1626, 1), (1627, 1), (1628, 1), (1629, 1), (1630, 1), (1631, 1), (1632, 1), (1633, 3), (1634, 1), (1635, 5), (1636, 1), (1637, 1), (1638, 1), (1639, 1), (1640, 1), (1641, 2), (1642, 1), (1643, 1), (1644, 1), (1645, 3), (1646, 1), (1647, 1), (1648, 4), (1649, 2), (1650, 1), (1651, 1), (1652, 1), (1653, 1), (1654, 1), (1655, 1), (1656, 3), (1657, 1), (1658, 2), (1659, 1), (1660, 2), (1661, 1), (1662, 1), (1663, 1), (1664, 1), (1665, 1), (1666, 1), (1667, 3), (1668, 9), (1669, 1), (1670, 2), (1671, 1), (1672, 1), (1673, 4), (1674, 1), (1675, 1), (1676, 1), (1677, 1), (1678, 1), (1679, 1), (1680, 1), (1681, 1), (1682, 1), (1683, 1), (1684, 1), (1685, 1), (1686, 3), (1687, 1), (1688, 1), (1689, 1), (1690, 1), (1691, 1), (1692, 1), (1693, 1), (1694, 1), (1695, 3), (1696, 1), (1697, 1), (1698, 1), (1699, 2), (1700, 1), (1701, 1), (1702, 1), (1703, 1), (1704, 1), (1705, 1), (1706, 1), (1707, 1), (1708, 2), (1709, 1), (1710, 1), (1711, 2), (1712, 1), (1713, 1), (1714, 1), (1715, 2), (1716, 1), (1717, 1), (1718, 1), (1719, 1), (1720, 2), (1721, 1), (1722, 2), (1723, 1), (1724, 2), (1725, 1), (1726, 1), (1727, 2), (1728, 2), (1729, 1), (1730, 1), (1731, 1), (1732, 1), (1733, 2), (1734, 1), (1735, 1), (1736, 2), (1737, 1), (1738, 5), (1739, 1), (1740, 1), (1741, 1), (1742, 1), (1743, 1), (1744, 1), (1745, 1), (1746, 1), (1747, 1), (1748, 1), (1749, 1), (1750, 1), (1751, 1), (1752, 2), (1753, 1), (1754, 1), (1755, 1), (1756, 1), (1757, 1), (1758, 2), (1759, 1), (1760, 2), (1761, 1), (1762, 1), (1763, 1), (1764, 1), (1765, 1), (1766, 1), (1767, 1), (1768, 1), (1769, 1), (1770, 1), (1771, 1), (1772, 2), (1773, 1), (1774, 1), (1775, 1), (1776, 2), (1777, 3), (1778, 2), (1779, 1), (1780, 1), (1781, 1), (1782, 1), (1783, 1), (1784, 1), (1785, 1), (1786, 1), (1787, 1), (1788, 1), (1789, 1), (1790, 1), (1791, 1), (1792, 1), (1793, 2), (1794, 2), (1795, 1), (1796, 1), (1797, 1), (1798, 1), (1799, 1), (1800, 1), (1801, 1), (1802, 1), (1803, 1), (1804, 1), (1805, 1), (1806, 1), (1807, 2), (1808, 1), (1809, 1), (1810, 1)]"
8,"[(0, 1), (13, 1), (15, 2), (27, 2), (29, 1), (30, 2), (34, 2), (57, 1), (71, 1), (77, 1), (78, 3), (79, 1), (82, 1), (96, 2), (97, 2), (107, 1), (121, 3), (125, 1), (132, 1), (137, 1), (144, 1), (157, 1), (159, 2), (160, 2), (166, 1), (169, 2), (172, 1), (179, 1), (189, 4), (190, 1), (199, 1), (208, 1), (214, 2), (215, 2), (219, 1), (220, 6), (221, 3), (232, 2), (239, 1), (240, 3), (245, 2), (247, 1), (252, 2), (284, 3), (288, 5), (289, 1), (294, 2), (296, 2), (301, 1), (314, 1), (316, 1), (320, 1), (329, 3), (331, 1), (340, 1), (349, 1), (351, 8), (359, 1), (360, 1), (362, 1), (363, 1), (364, 1), (367, 4), (383, 1), (385, 2), (389, 1), (390, 1), (392, 2), (404, 1), (406, 5), (409, 1), (410, 5), (418, 2), (438, 8), (439, 3), (441, 2), (444, 2), (454, 1), (456, 2), (462, 1), (478, 1), (498, 1), (502, 1), (504, 1), (507, 7), (515, 9), (534, 1), (537, 1), (555, 1), (593, 1), (603, 3), (628, 1), (634, 4), (650, 4), (655, 2), (676, 1), (686, 2), (699, 3), (702, 1), (706, 2), (711, 1), (721, 1), (734, 3), (735, 2), (759, 9), (769, 2), (779, 1), (784, 3), (790, 1), (792, 1), (799, 1), (811, 1), (825, 1), (835, 1), (841, 1), (853, 1), (869, 1), (874, 1), (904, 1), (910, 1), (924, 1), (947, 1), (961, 1), (965, 3), (994, 1), (1003, 1), (1018, 1), (1024, 2), (1028, 3), (1035, 1), (1036, 1), (1054, 1), (1067, 2), (1101, 1), (1119, 7), (1124, 1), (1144, 1), (1151, 2), (1152, 1), (1178, 1), (1184, 1), (1189, 1), (1201, 1), (1202, 1), (1225, 1), (1231, 1), (1251, 1), (1257, 1), (1258, 1), (1264, 1), (1269, 1), (1273, 1), (1307, 1), (1317, 1), (1336, 1), (1337, 1), (1343, 2), (1360, 1), (1361, 1), (1370, 2), (1396, 1), (1414, 1), (1415, 2), (1416, 1), (1423, 1), (1424, 1), (1437, 1), (1445, 2), (1446, 1), (1472, 1), (1478, 1), (1486, 1), (1487, 1), (1516, 2), (1521, 1), (1544, 2), (1576, 1), (1625, 5), (1635, 1), (1641, 1), (1659, 1), (1672, 5), (1673, 1), (1674, 1), (1680, 2), (1684, 1), (1698, 1), (1702, 2), (1735, 2), (1767, 2), (1802, 5), (1811, 1), (1812, 1), (1813, 1), (1814, 1), (1815, 1), (1816, 1), (1817, 1), (1818, 1), (1819, 1), (1820, 1), (1821, 1), (1822, 1), (1823, 1), (1824, 1), (1825, 1), (1826, 1), (1827, 1), (1828, 2), (1829, 1), (1830, 1), (1831, 1), (1832, 1), (1833, 1), (1834, 1), (1835, 1), (1836, 1), (1837, 1), (1838, 1), (1839, 1), (1840, 1), (1841, 1), (1842, 1), (1843, 1), (1844, 1), (1845, 1), (1846, 1), (1847, 1), (1848, 1), (1849, 1), (1850, 1), (1851, 1), (1852, 1), (1853, 3), (1854, 1), (1855, 1), (1856, 1), (1857, 1), (1858, 1), (1859, 2), (1860, 1), (1861, 1), (1862, 4), (1863, 1), (1864, 1), (1865, 2), (1866, 1), (1867, 1), (1868, 1), (1869, 1), (1870, 1), (1871, 1), (1872, 1), (1873, 1), (1874, 1), (1875, 1), (1876, 1), (1877, 1), (1878, 1), (1879, 3), (1880, 1), (1881, 1), (1882, 3), (1883, 2), (1884, 1), (1885, 1), (1886, 1), (1887, 1), (1888, 1), (1889, 1), (1890, 1), (1891, 3), (1892, 1), (1893, 1), (1894, 1), (1895, 1), (1896, 1), (1897, 1), (1898, 1), (1899, 1), (1900, 1), (1901, 1), (1902, 1), (1903, 1), (1904, 1), (1905, 1), (1906, 1), (1907, 1), (1908, 1), (1909, 2), (1910, 1), (1911, 1), (1912, 1), (1913, 1), (1914, 16), (1915, 1), (1916, 1), (1917, 1), (1918, 1), (1919, 1), (1920, 1), (1921, 1), (1922, 1), (1923, 3), (1924, 1), (1925, 1), (1926, 1), (1927, 1), (1928, 1), (1929, 1), (1930, 1), (1931, 1), (1932, 1), (1933, 1), (1934, 1), (1935, 1), (1936, 1), (1937, 1), (1938, 1), (1939, 1), (1940, 1), (1941, 1), (1942, 1), (1943, 1), (1944, 1), (1945, 1), (1946, 1), (1947, 1), (1948, 2), (1949, 1), (1950, 2), (1951, 1), (1952, 1), (1953, 1), (1954, 1), (1955, 1), (1956, 1), (1957, 1), (1958, 1), (1959, 1), (1960, 1), (1961, 1), (1962, 1), (1963, 8), (1964, 1), (1965, 1), (1966, 1), (1967, 1), (1968, 1), (1969, 1), (1970, 1), (1971, 1), (1972, 1), (1973, 1), (1974, 1), (1975, 1), (1976, 1), (1977, 1), (1978, 2), (1979, 2), (1980, 1), (1981, 1), (1982, 2), (1983, 1), (1984, 1), (1985, 1), (1986, 3), (1987, 1), (1988, 1), (1989, 2), (1990, 2), (1991, 1), (1992, 1), (1993, 1), (1994, 2), (1995, 4), (1996, 1), (1997, 1), (1998, 1), (1999, 1), (2000, 2), (2001, 1), (2002, 1), (2003, 1), (2004, 1), (2005, 1), (2006, 1), (2007, 1), (2008, 2), (2009, 1), (2010, 1), (2011, 1), (2012, 1), (2013, 7), (2014, 1), (2015, 1), (2016, 1), (2017, 4), (2018, 1), (2019, 2), (2020, 1), (2021, 1), (2022, 1), (2023, 1), (2024, 1), (2025, 1), (2026, 1), (2027, 1), (2028, 1), (2029, 1), (2030, 1), (2031, 2), (2032, 1), (2033, 1), (2034, 1), (2035, 1), (2036, 1), (2037, 1), (2038, 1), (2039, 1), (2040, 1), (2041, 1)]"
9,"[(15, 3), (19, 1), (26, 1), (29, 2), (41, 2), (57, 1), (76, 2), (79, 1), (80, 1), (82, 11), (98, 3), (112, 2), (114, 1), (120, 1), (125, 1), (138, 1), (149, 1), (175, 2), (190, 1), (193, 2), (206, 1), (218, 2), (225, 1), (231, 2), (238, 1), (240, 2), (253, 1), (260, 1), (262, 1), (274, 1), (278, 1), (289, 1), (300, 1), (304, 1), (328, 1), (344, 2), (351, 1), (362, 3), (363, 2), (367, 1), (376, 1), (380, 1), (383, 1), (389, 1), (397, 1), (401, 1), (404, 1), (405, 6), (407, 1), (408, 1), (413, 3), (416, 1), (419, 1), (421, 1), (429, 3), (432, 1), (438, 1), (456, 1), (461, 1), (462, 1), (471, 1), (472, 1), (475, 1), (515, 5), (521, 1), (545, 1), (547, 1), (563, 1), (577, 1), (581, 1), (625, 1), (630, 1), (635, 2), (650, 1), (667, 1), (678, 1), (690, 2), (735, 1), (767, 1), (772, 1), (790, 1), (802, 2), (826, 2), (827, 1), (848, 1), (876, 1), (893, 1), (919, 1), (939, 1), (948, 2), (961, 3), (965, 2), (1003, 1), (1006, 1), (1012, 1), (1015, 1), (1035, 1), (1042, 1), (1062, 1), (1068, 4), (1070, 2), (1086, 1), (1094, 1), (1119, 1), (1164, 1), (1188, 1), (1195, 1), (1224, 1), (1225, 1), (1229, 1), (1239, 3), (1264, 1), (1309, 1), (1337, 1), (1338, 1), (1357, 1), (1366, 1), (1390, 1), (1416, 1), (1445, 1), (1446, 1), (1478, 1), (1496, 1), (1515, 1), (1530, 1), (1654, 2), (1686, 1), (1778, 1), (1839, 1), (1851, 1), (1861, 1), (1865, 1), (1882, 3), (1917, 1), (1941, 2), (2002, 1), (2021, 1), (2042, 3), (2043, 2), (2044, 3), (2045, 2), (2046, 1), (2047, 1), (2048, 1), (2049, 1), (2050, 1), (2051, 1), (2052, 1), (2053, 1), (2054, 1), (2055, 1), (2056, 1), (2057, 1), (2058, 1), (2059, 1), (2060, 2), (2061, 1), (2062, 1), (2063, 1), (2064, 1), (2065, 1), (2066, 1), (2067, 1), (2068, 1), (2069, 1), (2070, 1), (2071, 1), (2072, 1), (2073, 1), (2074, 1), (2075, 1), (2076, 1), (2077, 1), (2078, 1), (2079, 1), (2080, 1), (2081, 1), (2082, 1), (2083, 1), (2084, 1), (2085, 1), (2086, 1), (2087, 1), (2088, 3), (2089, 1), (2090, 1), (2091, 1), (2092, 2), (2093, 1), (2094, 2), (2095, 1), (2096, 1), (2097, 1), (2098, 1), (2099, 1), (2100, 1), (2101, 1), (2102, 1), (2103, 2), (2104, 1), (2105, 1), (2106, 1), (2107, 1), (2108, 1), (2109, 1), (2110, 1), (2111, 3), (2112, 1), (2113, 1), (2114, 1), (2115, 1), (2116, 1), (2117, 1)]"
10,"[(0, 1), (10, 1), (17, 1), (28, 1), (29, 1), (31, 1), (40, 3), (41, 1), (51, 3), (58, 1), (72, 1), (79, 1), (82, 2), (106, 1), (112, 8), (120, 6), (122, 1), (124, 1), (125, 1), (139, 1), (157, 1), (173, 1), (175, 1), (180, 2), (190, 2), (208, 1), (220, 2), (224, 1), (225, 1), (240, 1), (241, 1), (245, 1), (254, 1), (260, 3), (261, 4), (264, 2), (275, 1), (280, 1), (286, 2), (294, 1), (298, 2), (303, 1), (304, 2), (306, 1), (308, 1), (315, 2), (339, 1), (344, 1), (347, 1), (353, 2), (362, 14), (363, 1), (366, 1), (380, 1), (387, 1), (393, 5), (399, 1), (403, 1), (405, 3), (409, 1), (418, 1), (423, 1), (438, 1), (445, 1), (462, 1), (513, 3), (515, 6), (518, 1), (521, 2), (532, 1), (533, 1), (545, 2), (577, 1), (583, 1), (593, 1), (620, 2), (624, 1), (654, 1), (658, 2), (660, 3), (678, 2), (686, 1), (706, 1), (709, 3), (712, 1), (718, 1), (735, 1), (737, 3), (738, 2), (772, 3), (785, 1), (790, 1), (806, 1), (823, 3), (831, 3), (841, 1), (853, 1), (910, 2), (917, 1), (918, 1), (923, 2), (935, 1), (944, 1), (963, 1), (966, 1), (983, 1), (1002, 1), (1037, 1), (1044, 1), (1049, 1), (1063, 2), (1068, 1), (1094, 1), (1114, 1), (1125, 1), (1132, 1), (1139, 3), (1177, 1), (1196, 2), (1228, 1), (1229, 2), (1292, 1), (1354, 1), (1357, 1), (1366, 2), (1370, 1), (1378, 2), (1412, 1), (1444, 1), (1445, 1), (1472, 2), (1475, 2), (1502, 1), (1515, 1), (1523, 1), (1531, 2), (1532, 2), (1536, 1), (1566, 1), (1599, 1), (1654, 2), (1683, 2), (1701, 1), (1716, 1), (1882, 1), (1893, 1), (1904, 2), (1934, 1), (1999, 1), (2000, 1), (2002, 1), (2007, 2), (2021, 1), (2043, 5), (2045, 1), (2046, 1), (2072, 2), (2085, 1), (2095, 2), (2101, 1), (2108, 1), (2118, 1), (2119, 1), (2120, 1), (2121, 1), (2122, 2), (2123, 1), (2124, 1), (2125, 1), (2126, 1), (2127, 1), (2128, 1), (2129, 3), (2130, 1), (2131, 1), (2132, 1), (2133, 1), (2134, 1), (2135, 1), (2136, 1), (2137, 1), (2138, 1), (2139, 2), (2140, 2), (2141, 1), (2142, 1), (2143, 1), (2144, 1), (2145, 1), (2146, 1), (2147, 1), (2148, 1), (2149, 3), (2150, 1), (2151, 1), (2152, 1), (2153, 1), (2154, 1), (2155, 1), (2156, 1), (2157, 1), (2158, 1), (2159, 1), (2160, 1), (2161, 2), (2162, 1), (2163, 1), (2164, 1), (2165, 1), (2166, 1), (2167, 2), (2168, 1), (2169, 1), (2170, 1), (2171, 1), (2172, 2), (2173, 1), (2174, 1), (2175, 1), (2176, 1), (2177, 1), (2178, 1), (2179, 3), (2180, 1), (2181, 1), (2182, 1), (2183, 1), (2184, 1), (2185, 1), (2186, 1), (2187, 1), (2188, 4), (2189, 3), (2190, 1), (2191, 1), (2192, 1), (2193, 2), (2194, 1), (2195, 1), (2196, 1), (2197, 1), (2198, 1), (2199, 1), (2200, 1), (2201, 1), (2202, 1), (2203, 1), (2204, 2), (2205, 1), (2206, 1), (2207, 1), (2208, 1), (2209, 1), (2210, 2), (2211, 3)]"
11,"[(5, 1), (15, 2), (18, 1), (19, 6), (25, 1), (29, 1), (40, 1), (41, 1), (58, 1), (72, 1), (76, 4), (82, 1), (97, 2), (101, 2), (112, 5), (114, 1), (122, 1), (125, 1), (138, 1), (139, 4), (173, 1), (177, 1), (199, 1), (217, 1), (220, 2), (234, 1), (300, 1), (302, 1), (313, 1), (315, 1), (326, 1), (336, 1), (344, 1), (347, 1), (351, 1), (352, 1), (358, 1), (362, 7), (363, 1), (365, 1), (367, 1), (370, 1), (376, 1), (377, 1), (380, 5), (390, 3), (393, 1), (400, 1), (409, 1), (429, 1), (433, 1), (456, 3), (460, 1), (461, 1), (465, 1), (503, 2), (507, 1), (513, 5), (515, 1), (521, 2), (532, 2), (533, 1), (537, 2), (538, 1), (563, 1), (592, 1), (593, 1), (603, 1), (630, 1), (636, 1), (643, 1), (650, 1), (654, 1), (655, 1), (658, 1), (669, 1), (686, 3), (734, 1), (755, 1), (785, 1), (799, 1), (802, 1), (806, 1), (823, 2), (853, 1), (880, 1), (903, 1), (923, 1), (958, 1), (961, 2), (965, 1), (989, 1), (1012, 2), (1015, 2), (1068, 1), (1110, 1), (1203, 1), (1215, 1), (1221, 3), (1249, 1), (1254, 1), (1275, 1), (1277, 1), (1341, 1), (1345, 1), (1416, 1), (1445, 1), (1460, 2), (1515, 4), (1654, 1), (1716, 1), (1717, 1), (1718, 1), (1790, 1), (1882, 1), (1894, 1), (1904, 1), (1909, 1), (1926, 1), (1979, 4), (2000, 4), (2002, 1), (2007, 1), (2013, 1), (2021, 1), (2081, 1), (2095, 1), (2126, 1), (2129, 1), (2140, 2), (2161, 1), (2179, 2), (2188, 3), (2206, 2), (2208, 1), (2212, 1), (2213, 1), (2214, 1), (2215, 1), (2216, 1), (2217, 1), (2218, 1), (2219, 1), (2220, 2), (2221, 1), (2222, 1), (2223, 1), (2224, 1), (2225, 1), (2226, 1), (2227, 3), (2228, 1), (2229, 1), (2230, 1), (2231, 1), (2232, 1), (2233, 1), (2234, 1), (2235, 1), (2236, 1), (2237, 1), (2238, 1), (2239, 3), (2240, 1), (2241, 1), (2242, 1), (2243, 1), (2244, 1), (2245, 1), (2246, 1), (2247, 1), (2248, 2), (2249, 1), (2250, 1), (2251, 1), (2252, 1), (2253, 2), (2254, 1), (2255, 1), (2256, 1), (2257, 1), (2258, 1), (2259, 1), (2260, 1), (2261, 1), (2262, 1), (2263, 1), (2264, 1), (2265, 1), (2266, 1), (2267, 1), (2268, 1), (2269, 1), (2270, 1), (2271, 1), (2272, 1), (2273, 1), (2274, 2), (2275, 1), (2276, 2), (2277, 1), (2278, 1), (2279, 1), (2280, 1), (2281, 1), (2282, 1), (2283, 2), (2284, 1), (2285, 1)]"
12,"[(0, 1), (1, 1), (5, 2), (10, 1), (13, 1), (14, 1), (19, 1), (20, 2), (23, 1), (29, 2), (32, 1), (33, 16), (35, 2), (41, 1), (57, 1), (64, 2), (65, 2), (68, 1), (71, 4), (72, 1), (84, 1), (85, 1), (86, 7), (87, 3), (95, 2), (96, 1), (111, 2), (112, 6), (115, 2), (120, 1), (122, 1), (132, 1), (144, 3), (145, 3), (157, 3), (158, 1), (164, 3), (169, 2), (174, 3), (175, 4), (180, 1), (185, 1), (193, 1), (214, 1), (218, 1), (220, 6), (223, 1), (225, 1), (254, 1), (255, 1), (260, 5), (265, 1), (286, 2), (291, 1), (295, 1), (300, 1), (308, 1), (315, 4), (316, 1), (320, 1), (332, 1), (351, 1), (358, 1), (359, 2), (379, 2), (380, 1), (385, 1), (388, 1), (389, 1), (390, 1), (392, 1), (397, 3), (399, 1), (400, 1), (401, 1), (402, 1), (404, 1), (411, 1), (418, 1), (419, 3), (423, 1), (424, 1), (438, 1), (439, 2), (441, 3), (461, 2), (465, 1), (474, 1), (477, 1), (481, 2), (482, 1), (503, 1), (504, 1), (508, 1), (515, 1), (528, 1), (529, 1), (532, 2), (533, 1), (537, 1), (538, 2), (548, 4), (549, 5), (566, 6), (580, 1), (581, 2), (604, 1), (626, 1), (630, 3), (634, 1), (638, 3), (639, 1), (648, 2), (658, 1), (666, 1), (679, 1), (686, 1), (690, 2), (707, 1), (708, 2), (711, 1), (716, 1), (720, 1), (734, 3), (737, 1), (740, 1), (747, 1), (763, 4), (766, 2), (769, 1), (786, 1), (787, 1), (806, 1), (823, 1), (825, 1), (839, 1), (859, 2), (864, 1), (865, 1), (873, 1), (888, 2), (890, 3), (895, 1), (904, 1), (931, 1), (936, 1), (940, 1), (947, 1), (956, 3), (957, 1), (958, 1), (1004, 2), (1013, 1), (1018, 1), (1024, 2), (1028, 2), (1029, 1), (1034, 1), (1036, 1), (1044, 1), (1045, 1), (1084, 1), (1086, 2), (1100, 1), (1101, 1), (1102, 1), (1119, 2), (1124, 1), (1138, 1), (1143, 2), (1164, 1), (1194, 1), (1198, 2), (1229, 1), (1272, 1), (1289, 1), (1296, 1), (1304, 1), (1307, 1), (1309, 1), (1316, 3), (1349, 3), (1371, 1), (1372, 1), (1416, 1), (1420, 1), (1437, 3), (1459, 1), (1460, 1), (1465, 1), (1472, 1), (1475, 2), (1478, 1), (1481, 4), (1488, 1), (1506, 2), (1508, 1), (1518, 1), (1528, 1), (1537, 2), (1544, 1), (1547, 1), (1570, 1), (1574, 2), (1578, 1), (1597, 1), (1599, 1), (1607, 1), (1608, 1), (1622, 1), (1638, 4), (1669, 3), (1689, 1), (1717, 1), (1726, 1), (1778, 1), (1802, 1), (1849, 1), (1855, 1), (1904, 1), (1912, 1), (1923, 1), (1941, 2), (1946, 1), (1955, 1), (1963, 2), (1994, 1), (2022, 1), (2056, 1), (2063, 2), (2069, 1), (2101, 1), (2120, 1), (2161, 1), (2166, 1), (2191, 2), (2195, 1), (2221, 1), (2226, 1), (2227, 4), (2246, 1), (2251, 1), (2259, 1), (2275, 1), (2286, 1), (2287, 1), (2288, 1), (2289, 2), (2290, 1), (2291, 1), (2292, 1), (2293, 1), (2294, 1), (2295, 1), (2296, 1), (2297, 1), (2298, 1), (2299, 1), (2300, 1), (2301, 1), (2302, 3), (2303, 1), (2304, 1), (2305, 1), (2306, 1), (2307, 1), (2308, 1), (2309, 1), (2310, 1), (2311, 1), (2312, 2), (2313, 1), (2314, 1), (2315, 1), (2316, 2), (2317, 1), (2318, 1), (2319, 1), (2320, 1), (2321, 2), (2322, 1), (2323, 1), (2324, 1), (2325, 1), (2326, 1), (2327, 1), (2328, 1), (2329, 1), (2330, 1), (2331, 1), (2332, 1), (2333, 1), (2334, 1), (2335, 1), (2336, 1), (2337, 1), (2338, 1), (2339, 1), (2340, 1), (2341, 1), (2342, 1), (2343, 1), (2344, 1), (2345, 2), (2346, 1), (2347, 1), (2348, 1), (2349, 1), (2350, 1), (2351, 1), (2352, 1), (2353, 1), (2354, 1), (2355, 1), (2356, 1), (2357, 2), (2358, 1), (2359, 1), (2360, 1), (2361, 1), (2362, 1), (2363, 1), (2364, 2), (2365, 7), (2366, 1), (2367, 2), (2368, 1), (2369, 1), (2370, 1), (2371, 1), (2372, 1), (2373, 1), (2374, 1), (2375, 2), (2376, 1), (2377, 1), (2378, 1), (2379, 1), (2380, 1), (2381, 1), (2382, 1), (2383, 1), (2384, 1), (2385, 1), (2386, 1), (2387, 2), (2388, 1), (2389, 1), (2390, 2), (2391, 1), (2392, 1), (2393, 1), (2394, 1), (2395, 1), (2396, 1), (2397, 2), (2398, 2), (2399, 1), (2400, 1), (2401, 1), (2402, 1), (2403, 1), (2404, 1), (2405, 1), (2406, 1), (2407, 1), (2408, 1), (2409, 1), (2410, 2), (2411, 1), (2412, 1), (2413, 1), (2414, 1), (2415, 2), (2416, 1), (2417, 1), (2418, 1), (2419, 1), (2420, 1), (2421, 1), (2422, 1), (2423, 1), (2424, 2), (2425, 3), (2426, 1), (2427, 1), (2428, 1), (2429, 1), (2430, 1)]"
13,"[(0, 3), (1, 1), (15, 2), (16, 1), (19, 1), (22, 1), (23, 2), (24, 2), (26, 1), (27, 2), (28, 1), (29, 2), (33, 1), (40, 1), (41, 1), (43, 1), (50, 1), (63, 1), (71, 1), (76, 2), (78, 1), (80, 1), (82, 7), (85, 1), (93, 1), (96, 1), (102, 1), (106, 1), (114, 1), (115, 1), (119, 1), (122, 2), (138, 1), (139, 2), (142, 1), (144, 1), (145, 1), (157, 1), (169, 1), (172, 1), (173, 3), (180, 4), (184, 6), (185, 1), (191, 2), (195, 2), (196, 3), (199, 1), (205, 5), (206, 1), (207, 1), (208, 2), (224, 1), (233, 2), (241, 5), (245, 1), (249, 1), (251, 1), (252, 1), (254, 7), (258, 1), (260, 2), (261, 1), (262, 3), (263, 1), (264, 1), (268, 1), (274, 2), (275, 1), (276, 1), (280, 2), (284, 1), (286, 1), (287, 2), (291, 1), (292, 1), (296, 4), (297, 1), (299, 1), (300, 2), (301, 1), (302, 1), (303, 2), (308, 1), (309, 1), (315, 3), (326, 1), (335, 1), (339, 2), (344, 1), (349, 1), (351, 4), (360, 1), (363, 1), (366, 2), (367, 1), (373, 1), (375, 1), (382, 2), (385, 4), (386, 1), (396, 1), (397, 1), (398, 1), (401, 2), (406, 1), (407, 3), (408, 2), (410, 1), (412, 1), (413, 1), (416, 1), (418, 1), (420, 3), (426, 1), (429, 1), (430, 1), (432, 5), (433, 1), (438, 1), (441, 1), (453, 1), (457, 1), (462, 1), (466, 2), (469, 2), (481, 1), (500, 1), (501, 1), (503, 4), (505, 3), (509, 1), (513, 2), (516, 1), (518, 1), (521, 2), (529, 1), (537, 1), (539, 5), (544, 2), (549, 1), (557, 1), (593, 2), (600, 1), (603, 1), (620, 1), (625, 4), (632, 1), (638, 1), (642, 1), (643, 1), (658, 1), (667, 3), (670, 3), (671, 1), (678, 1), (679, 1), (702, 3), (716, 1), (718, 1), (731, 1), (734, 1), (735, 1), (741, 1), (754, 1), (768, 1), (772, 1), (774, 1), (775, 1), (783, 2), (784, 4), (794, 1), (797, 1), (804, 1), (827, 1), (839, 1), (851, 1), (864, 1), (871, 2), (883, 1), (893, 1), (910, 1), (916, 4), (939, 1), (944, 1), (948, 2), (954, 1), (957, 1), (961, 1), (968, 1), (983, 1), (992, 1), (1013, 1), (1015, 1), (1036, 4), (1047, 1), (1049, 1), (1062, 2), (1065, 1), (1067, 2), (1068, 1), (1071, 1), (1072, 2), (1079, 1), (1080, 1), (1084, 1), (1089, 2), (1094, 1), (1098, 1), (1105, 2), (1108, 2), (1113, 1), (1114, 1), (1120, 1), (1125, 2), (1133, 1), (1134, 1), (1142, 1), (1151, 1), (1152, 2), (1155, 1), (1228, 3), (1239, 1), (1296, 1), (1306, 1), (1310, 2), (1370, 3), (1390, 1), (1396, 1), (1405, 2), (1416, 1), (1424, 1), (1431, 1), (1433, 1), (1438, 1), (1439, 1), (1444, 2), (1460, 1), (1486, 1), (1491, 1), (1515, 1), (1516, 2), (1524, 1), (1526, 1), (1528, 1), (1536, 1), (1548, 1), (1563, 1), (1624, 3), (1648, 1), (1705, 1), (1717, 2), (1725, 1), (1770, 1), (1777, 1), (1828, 1), (1872, 1), (1882, 8), (1918, 1), (1926, 1), (1934, 2), (1956, 1), (2041, 1), (2044, 1), (2054, 1), (2061, 1), (2069, 2), (2090, 1), (2101, 1), (2108, 1), (2129, 5), (2162, 1), (2169, 1), (2172, 1), (2191, 1), (2217, 1), (2251, 1), (2330, 1), (2358, 1), (2430, 2), (2431, 2), (2432, 1), (2433, 1), (2434, 1), (2435, 1), (2436, 1), (2437, 1), (2438, 1), (2439, 1), (2440, 1), (2441, 1), (2442, 1), (2443, 1), (2444, 1), (2445, 1), (2446, 1), (2447, 2), (2448, 1), (2449, 1), (2450, 1), (2451, 1), (2452, 2), (2453, 1), (2454, 1), (2455, 1), (2456, 2), (2457, 1), (2458, 1), (2459, 1), (2460, 1), (2461, 1), (2462, 1), (2463, 1), (2464, 1), (2465, 1), (2466, 1), (2467, 1), (2468, 1), (2469, 1), (2470, 1), (2471, 1), (2472, 1), (2473, 2), (2474, 1), (2475, 1), (2476, 1), (2477, 1), (2478, 1), (2479, 1), (2480, 1), (2481, 1), (2482, 1), (2483, 1), (2484, 1), (2485, 1), (2486, 1), (2487, 1), (2488, 2), (2489, 1), (2490, 1), (2491, 1), (2492, 1), (2493, 1), (2494, 1), (2495, 1), (2496, 1), (2497, 1), (2498, 3), (2499, 7), (2500, 1), (2501, 2), (2502, 2), (2503, 1), (2504, 3), (2505, 1), (2506, 1), (2507, 1), (2508, 1), (2509, 1), (2510, 1), (2511, 1), (2512, 1), (2513, 1), (2514, 1), (2515, 1), (2516, 1), (2517, 1), (2518, 3), (2519, 1), (2520, 2), (2521, 1), (2522, 1), (2523, 1), (2524, 1), (2525, 1), (2526, 1), (2527, 1), (2528, 3), (2529, 1), (2530, 1), (2531, 1), (2532, 1), (2533, 1), (2534, 1), (2535, 1), (2536, 1), (2537, 1), (2538, 1), (2539, 8), (2540, 3), (2541, 2), (2542, 1), (2543, 1), (2544, 1), (2545, 1), (2546, 1), (2547, 1), (2548, 1), (2549, 1), (2550, 1), (2551, 1), (2552, 1), (2553, 1), (2554, 1), (2555, 1), (2556, 1), (2557, 1), (2558, 3), (2559, 1), (2560, 1), (2561, 1), (2562, 1), (2563, 7)]"
14,"[(15, 2), (18, 1), (21, 1), (23, 1), (41, 1), (64, 3), (65, 1), (76, 2), (80, 1), (82, 1), (88, 1), (89, 2), (91, 3), (97, 1), (111, 1), (112, 1), (120, 2), (139, 1), (142, 2), (145, 3), (149, 1), (153, 1), (156, 1), (157, 4), (159, 1), (160, 4), (175, 1), (184, 3), (189, 2), (190, 1), (194, 1), (196, 1), (198, 4), (205, 1), (225, 1), (233, 4), (240, 2), (252, 2), (254, 3), (257, 1), (261, 2), (262, 6), (268, 1), (280, 1), (286, 1), (295, 1), (300, 1), (308, 1), (314, 1), (325, 1), (326, 1), (331, 1), (340, 1), (351, 3), (362, 3), (363, 1), (367, 1), (388, 2), (393, 2), (421, 1), (422, 2), (439, 1), (454, 1), (502, 2), (503, 7), (505, 6), (513, 2), (515, 1), (536, 1), (559, 1), (600, 2), (618, 1), (628, 1), (633, 1), (635, 2), (639, 1), (667, 2), (671, 1), (699, 1), (702, 1), (704, 1), (706, 1), (707, 1), (709, 1), (721, 1), (735, 1), (767, 1), (768, 1), (770, 1), (772, 1), (784, 3), (790, 2), (802, 1), (839, 1), (855, 2), (874, 1), (878, 1), (880, 1), (890, 2), (965, 1), (986, 1), (1002, 1), (1015, 1), (1028, 2), (1032, 2), (1044, 1), (1062, 1), (1064, 1), (1065, 1), (1068, 1), (1084, 3), (1101, 1), (1110, 1), (1125, 1), (1134, 1), (1139, 2), (1151, 1), (1224, 1), (1247, 2), (1275, 1), (1290, 1), (1304, 1), (1352, 2), (1424, 1), (1527, 1), (1529, 1), (1532, 2), (1582, 3), (1617, 1), (1644, 1), (1654, 1), (1661, 1), (1699, 1), (1701, 1), (1772, 1), (1773, 1), (1803, 1), (1806, 2), (1828, 1), (1893, 1), (1940, 1), (2044, 1), (2101, 1), (2126, 1), (2140, 1), (2172, 1), (2179, 1), (2181, 1), (2191, 1), (2206, 1), (2229, 1), (2231, 2), (2326, 1), (2446, 8), (2447, 4), (2459, 3), (2475, 1), (2500, 1), (2525, 1), (2531, 1), (2532, 1), (2553, 1), (2559, 1), (2563, 1), (2564, 1), (2565, 1), (2566, 1), (2567, 1), (2568, 1), (2569, 1), (2570, 1), (2571, 2), (2572, 1), (2573, 1), (2574, 1), (2575, 1), (2576, 2), (2577, 3), (2578, 1), (2579, 1), (2580, 1), (2581, 4), (2582, 1), (2583, 1), (2584, 1), (2585, 5), (2586, 1), (2587, 2), (2588, 3), (2589, 1), (2590, 2), (2591, 1), (2592, 2), (2593, 1), (2594, 1), (2595, 4), (2596, 1), (2597, 2), (2598, 1), (2599, 1), (2600, 1), (2601, 1), (2602, 1), (2603, 1), (2604, 1), (2605, 1), (2606, 1), (2607, 1), (2608, 1), (2609, 2), (2610, 1), (2611, 1), (2612, 1), (2613, 1), (2614, 1), (2615, 1), (2616, 1), (2617, 1), (2618, 1), (2619, 1), (2620, 1), (2621, 1), (2622, 1), (2623, 1), (2624, 1), (2625, 1), (2626, 1), (2627, 1), (2628, 1), (2629, 2), (2630, 1), (2631, 4), (2632, 1), (2633, 1), (2634, 1), (2635, 2), (2636, 2), (2637, 2), (2638, 1), (2639, 1), (2640, 1), (2641, 1), (2642, 1), (2643, 1), (2644, 1), (2645, 1), (2646, 1), (2647, 1), (2648, 1), (2649, 1), (2650, 1), (2651, 1), (2652, 1), (2653, 2), (2654, 3), (2655, 1), (2656, 1), (2657, 1), (2658, 1), (2659, 2), (2660, 2), (2661, 2), (2662, 1), (2663, 3), (2664, 1), (2665, 4)]"
15,"[(8, 1), (23, 1), (33, 4), (38, 1), (53, 1), (58, 1), (63, 1), (67, 1), (68, 2), (86, 1), (102, 1), (111, 1), (112, 2), (140, 1), (144, 2), (145, 1), (148, 1), (157, 1), (164, 1), (175, 1), (184, 1), (196, 1), (197, 1), (198, 1), (208, 2), (212, 1), (217, 1), (218, 1), (220, 2), (234, 2), (236, 1), (245, 1), (253, 1), (254, 3), (256, 1), (260, 1), (264, 1), (272, 1), (275, 1), (290, 1), (295, 1), (296, 1), (297, 1), (300, 2), (305, 1), (306, 1), (308, 1), (309, 1), (312, 2), (315, 3), (320, 1), (351, 2), (363, 1), (372, 1), (373, 2), (383, 1), (385, 1), (386, 1), (394, 1), (399, 2), (402, 1), (404, 1), (408, 1), (419, 2), (456, 1), (461, 1), (462, 1), (471, 1), (473, 1), (503, 1), (505, 1), (517, 1), (518, 3), (519, 1), (551, 1), (566, 1), (570, 1), (580, 1), (600, 1), (605, 1), (643, 1), (648, 1), (654, 1), (671, 2), (673, 1), (675, 1), (715, 1), (721, 1), (745, 1), (766, 1), (792, 1), (796, 1), (797, 1), (847, 1), (853, 2), (859, 1), (865, 1), (878, 1), (879, 1), (887, 1), (892, 1), (899, 1), (908, 1), (931, 1), (968, 1), (979, 1), (1229, 1), (1248, 2), (1268, 1), (1276, 1), (1337, 1), (1363, 1), (1462, 1), (1463, 1), (1489, 1), (1492, 1), (1506, 1), (1553, 1), (2013, 1), (2044, 2), (2070, 1), (2075, 1), (2112, 1), (2186, 1), (2240, 1), (2330, 1), (2333, 1), (2364, 1), (2372, 1), (2500, 1), (2666, 1), (2667, 1), (2668, 1), (2669, 1), (2670, 1), (2671, 1), (2672, 1), (2673, 2), (2674, 1), (2675, 1), (2676, 1), (2677, 1), (2678, 1), (2679, 1), (2680, 1), (2681, 1), (2682, 1), (2683, 1), (2684, 1), (2685, 1), (2686, 1), (2687, 1)]"
16,"[(0, 6), (6, 2), (8, 2), (13, 1), (19, 2), (20, 1), (22, 1), (23, 2), (24, 1), (26, 5), (28, 2), (35, 4), (41, 1), (50, 3), (57, 1), (70, 4), (71, 2), (78, 2), (79, 2), (80, 3), (88, 4), (102, 2), (112, 1), (116, 3), (117, 1), (118, 2), (120, 2), (121, 1), (122, 3), (123, 1), (134, 1), (138, 3), (139, 2), (142, 3), (144, 7), (145, 8), (160, 6), (169, 2), (171, 2), (172, 1), (174, 1), (180, 1), (181, 1), (182, 1), (184, 1), (185, 1), (189, 1), (190, 6), (193, 1), (194, 1), (195, 1), (196, 4), (205, 1), (206, 2), (208, 6), (210, 2), (211, 1), (220, 2), (223, 2), (226, 1), (233, 1), (234, 2), (236, 1), (240, 1), (242, 1), (244, 1), (245, 5), (250, 1), (252, 3), (254, 2), (260, 1), (261, 6), (262, 8), (263, 2), (264, 5), (265, 1), (267, 2), (268, 1), (272, 4), (274, 1), (278, 2), (286, 1), (289, 1), (291, 2), (294, 2), (295, 3), (305, 1), (306, 1), (309, 3), (315, 1), (320, 1), (330, 2), (331, 1), (336, 1), (337, 1), (349, 5), (351, 2), (356, 1), (359, 1), (361, 1), (365, 1), (369, 1), (385, 1), (389, 2), (392, 2), (394, 1), (397, 5), (400, 1), (401, 1), (406, 1), (410, 3), (412, 1), (416, 1), (418, 4), (419, 7), (420, 2), (424, 1), (425, 6), (426, 1), (433, 1), (445, 2), (446, 1), (456, 3), (458, 2), (460, 2), (461, 2), (462, 5), (466, 5), (469, 1), (475, 1), (478, 1), (482, 1), (490, 1), (498, 3), (499, 1), (504, 1), (505, 8), (509, 2), (510, 1), (515, 1), (516, 1), (518, 2), (535, 2), (536, 1), (548, 1), (553, 1), (555, 1), (561, 1), (566, 1), (570, 1), (576, 2), (577, 1), (579, 1), (594, 1), (595, 1), (599, 1), (612, 1), (620, 2), (621, 3), (625, 1), (626, 1), (629, 1), (635, 1), (636, 1), (642, 1), (643, 6), (647, 1), (648, 1), (655, 1), (658, 1), (666, 4), (670, 1), (672, 1), (674, 1), (677, 2), (679, 1), (699, 3), (702, 1), (716, 1), (719, 3), (721, 2), (731, 2), (732, 1), (734, 2), (737, 1), (751, 1), (761, 1), (768, 1), (775, 2), (778, 4), (779, 1), (780, 1), (784, 3), (790, 1), (791, 2), (804, 1), (815, 1), (821, 1), (822, 1), (827, 5), (834, 4), (846, 1), (848, 2), (853, 2), (860, 2), (865, 1), (869, 1), (876, 2), (880, 2), (883, 3), (886, 1), (887, 4), (890, 3), (895, 1), (897, 2), (900, 1), (905, 1), (910, 3), (919, 1), (929, 1), (930, 2), (931, 3), (932, 5), (940, 4), (944, 1), (947, 1), (948, 2), (949, 2), (951, 1), (953, 1), (965, 1), (969, 1), (975, 1), (984, 2), (995, 1), (1001, 1), (1004, 2), (1005, 1), (1015, 4), (1018, 1), (1024, 2), (1028, 2), (1029, 1), (1032, 1), (1033, 2), (1035, 2), (1039, 2), (1065, 2), (1070, 1), (1084, 1), (1096, 1), (1114, 1), (1119, 3), (1125, 2), (1138, 2), (1157, 1), (1160, 1), (1208, 1), (1209, 1), (1211, 1), (1224, 1), (1304, 1), (1309, 1), (1330, 1), (1333, 1), (1343, 1), (1346, 2), (1369, 1), (1370, 2), (1387, 1), (1438, 1), (1455, 2), (1478, 1), (1481, 1), (1488, 1), (1490, 1), (1507, 2), (1524, 1), (1525, 1), (1544, 2), (1552, 1), (1553, 3), (1559, 1), (1560, 1), (1622, 1), (1624, 3), (1629, 3), (1630, 1), (1633, 2), (1634, 1), (1642, 1), (1643, 1), (1647, 1), (1653, 1), (1673, 1), (1680, 1), (1695, 1), (1699, 2), (1703, 1), (1712, 1), (1726, 1), (1749, 2), (1779, 1), (1785, 1), (1802, 3), (1806, 3), (1816, 2), (1817, 1), (1827, 1), (1828, 1), (1861, 1), (1973, 4), (1994, 2), (2013, 1), (2069, 2), (2097, 1), (2151, 1), (2170, 1), (2171, 1), (2188, 1), (2229, 1), (2240, 1), (2307, 1), (2382, 1), (2400, 1), (2410, 3), (2442, 1), (2475, 1), (2528, 1), (2643, 1), (2677, 1), (2688, 1), (2689, 1), (2690, 1), (2691, 1), (2692, 1), (2693, 1), (2694, 1), (2695, 1), (2696, 1), (2697, 1), (2698, 1), (2699, 1), (2700, 1), (2701, 1), (2702, 2), (2703, 1), (2704, 1), (2705, 1), (2706, 1), (2707, 1), (2708, 1), (2709, 1), (2710, 1), (2711, 1), (2712, 1), (2713, 1), (2714, 1), (2715, 1), (2716, 1), (2717, 2), (2718, 1), (2719, 1), (2720, 1), (2721, 1), (2722, 1), (2723, 1), (2724, 1), (2725, 1), (2726, 1), (2727, 1), (2728, 1), (2729, 1), (2730, 1), (2731, 1), (2732, 1), (2733, 1), (2734, 1), (2735, 1), (2736, 2), (2737, 1), (2738, 1), (2739, 1), (2740, 2), (2741, 1), (2742, 1), (2743, 1), (2744, 1), (2745, 1), (2746, 1), (2747, 1), (2748, 1), (2749, 1), (2750, 1), (2751, 1), (2752, 1), (2753, 1), (2754, 1), (2755, 1), (2756, 1), (2757, 1), (2758, 2), (2759, 1), (2760, 1), (2761, 1), (2762, 1), (2763, 1), (2764, 1), (2765, 1), (2766, 1), (2767, 2), (2768, 1), (2769, 3), (2770, 1), (2771, 2), (2772, 1), (2773, 2), (2774, 2), (2775, 1), (2776, 1), (2777, 1), (2778, 1), (2779, 1), (2780, 1), (2781, 2), (2782, 1), (2783, 1), (2784, 1), (2785, 1), (2786, 1), (2787, 1), (2788, 1), (2789, 1), (2790, 2), (2791, 1), (2792, 1), (2793, 1), (2794, 1), (2795, 1), (2796, 1), (2797, 1), (2798, 1), (2799, 1), (2800, 4), (2801, 1), (2802, 1), (2803, 1), (2804, 1), (2805, 1), (2806, 1)]"
17,[]
18,"[(4, 2), (14, 1), (19, 3), (22, 2), (23, 4), (30, 1), (31, 1), (33, 1), (40, 1), (44, 5), (45, 1), (53, 1), (57, 3), (58, 3), (64, 1), (67, 1), (72, 1), (83, 1), (84, 1), (97, 2), (104, 2), (111, 1), (112, 1), (122, 1), (136, 1), (138, 1), (139, 1), (144, 3), (145, 1), (154, 1), (157, 6), (158, 2), (160, 4), (164, 4), (169, 2), (170, 2), (172, 1), (173, 2), (174, 4), (175, 3), (182, 2), (185, 3), (190, 1), (208, 1), (217, 4), (220, 6), (221, 2), (224, 1), (232, 2), (233, 1), (234, 2), (244, 1), (245, 5), (249, 2), (252, 3), (254, 5), (257, 3), (258, 2), (259, 2), (260, 2), (262, 1), (274, 1), (279, 1), (286, 2), (289, 1), (290, 1), (295, 2), (296, 1), (304, 1), (306, 1), (308, 2), (315, 1), (320, 13), (321, 4), (343, 1), (358, 6), (359, 4), (365, 9), (370, 1), (371, 1), (378, 2), (380, 4), (382, 1), (383, 1), (384, 4), (386, 3), (387, 4), (388, 1), (389, 6), (396, 2), (397, 2), (398, 1), (399, 1), (400, 4), (405, 3), (410, 2), (412, 2), (419, 1), (426, 5), (438, 3), (439, 1), (456, 1), (461, 2), (462, 1), (463, 1), (465, 1), (482, 2), (494, 11), (498, 2), (508, 1), (514, 1), (515, 1), (517, 1), (521, 2), (534, 1), (553, 1), (555, 1), (563, 1), (565, 1), (566, 18), (573, 1), (576, 1), (580, 2), (600, 3), (603, 1), (613, 3), (616, 1), (620, 1), (624, 5), (626, 3), (629, 1), (632, 2), (636, 2), (654, 3), (655, 1), (661, 1), (666, 1), (669, 1), (671, 3), (674, 1), (677, 1), (683, 1), (685, 2), (686, 3), (690, 1), (702, 1), (707, 1), (710, 1), (711, 1), (715, 4), (716, 1), (736, 1), (737, 5), (746, 4), (754, 1), (755, 1), (759, 1), (784, 2), (791, 1), (792, 1), (795, 1), (796, 1), (823, 6), (841, 1), (852, 1), (857, 3), (863, 1), (866, 1), (871, 1), (876, 2), (879, 2), (880, 3), (883, 1), (886, 1), (888, 1), (890, 2), (893, 3), (897, 2), (898, 1), (903, 1), (905, 1), (930, 1), (935, 1), (956, 2), (965, 2), (972, 1), (979, 1), (1010, 1), (1015, 3), (1018, 2), (1019, 1), (1024, 1), (1029, 2), (1036, 1), (1050, 1), (1082, 1), (1111, 1), (1117, 2), (1127, 1), (1138, 2), (1144, 1), (1152, 1), (1159, 1), (1179, 1), (1193, 1), (1198, 1), (1202, 2), (1224, 1), (1230, 1), (1233, 1), (1252, 1), (1279, 3), (1285, 1), (1292, 3), (1304, 1), (1323, 1), (1332, 2), (1337, 1), (1341, 2), (1355, 1), (1357, 1), (1386, 1), (1402, 2), (1424, 1), (1453, 1), (1458, 1), (1481, 2), (1486, 2), (1490, 1), (1491, 1), (1505, 1), (1521, 1), (1544, 1), (1551, 1), (1571, 1), (1578, 1), (1597, 2), (1614, 1), (1652, 1), (1683, 1), (1686, 1), (1701, 1), (1719, 1), (1726, 4), (1747, 1), (1785, 1), (1790, 2), (1814, 1), (1849, 1), (1901, 1), (1915, 1), (1967, 1), (1978, 1), (1981, 1), (2056, 2), (2065, 1), (2083, 1), (2141, 1), (2143, 1), (2172, 1), (2184, 2), (2198, 2), (2217, 1), (2227, 1), (2229, 1), (2246, 1), (2291, 1), (2292, 1), (2313, 1), (2318, 1), (2333, 1), (2376, 3), (2388, 1), (2395, 1), (2396, 1), (2400, 1), (2410, 1), (2500, 1), (2527, 1), (2528, 2), (2542, 2), (2597, 1), (2605, 1), (2624, 1), (2681, 2), (2683, 1), (2719, 1), (2726, 1), (2732, 1), (2738, 1), (2753, 1), (2775, 1), (2807, 1), (2808, 1), (2809, 1), (2810, 1), (2811, 1), (2812, 1), (2813, 1), (2814, 1), (2815, 1), (2816, 1), (2817, 1), (2818, 1), (2819, 1), (2820, 2), (2821, 2), (2822, 2), (2823, 1), (2824, 1), (2825, 1), (2826, 1), (2827, 1), (2828, 1), (2829, 1), (2830, 1), (2831, 2), (2832, 1), (2833, 1), (2834, 1), (2835, 1), (2836, 1), (2837, 1), (2838, 2), (2839, 1), (2840, 1), (2841, 1), (2842, 1), (2843, 2), (2844, 1), (2845, 1), (2846, 1), (2847, 1), (2848, 1), (2849, 1), (2850, 1), (2851, 2), (2852, 1), (2853, 1), (2854, 1), (2855, 1), (2856, 1), (2857, 1), (2858, 1), (2859, 1), (2860, 1), (2861, 1), (2862, 1), (2863, 1), (2864, 1), (2865, 1), (2866, 1), (2867, 1), (2868, 1), (2869, 1), (2870, 1), (2871, 1), (2872, 1), (2873, 1), (2874, 1), (2875, 1), (2876, 1), (2877, 1), (2878, 1), (2879, 1), (2880, 1), (2881, 1), (2882, 1), (2883, 1), (2884, 1), (2885, 1), (2886, 1), (2887, 1), (2888, 5), (2889, 1), (2890, 1), (2891, 1), (2892, 1), (2893, 1), (2894, 1), (2895, 1), (2896, 1), (2897, 1), (2898, 1), (2899, 1), (2900, 1), (2901, 1), (2902, 1), (2903, 1), (2904, 1), (2905, 1), (2906, 1), (2907, 1), (2908, 1), (2909, 1), (2910, 2), (2911, 1), (2912, 1), (2913, 1), (2914, 1), (2915, 1), (2916, 1), (2917, 1), (2918, 1), (2919, 1), (2920, 3), (2921, 1), (2922, 3), (2923, 1), (2924, 1), (2925, 1), (2926, 1), (2927, 1), (2928, 1), (2929, 1), (2930, 1), (2931, 1), (2932, 1), (2933, 1), (2934, 1), (2935, 1), (2936, 1), (2937, 2), (2938, 1), (2939, 1), (2940, 1), (2941, 1), (2942, 1), (2943, 1)]"
19,"[(0, 1), (1, 2), (13, 1), (15, 1), (23, 3), (27, 3), (28, 1), (34, 1), (38, 1), (40, 13), (51, 22), (57, 1), (65, 1), (70, 3), (78, 5), (79, 7), (89, 3), (90, 1), (98, 3), (104, 1), (112, 5), (120, 27), (124, 7), (125, 3), (130, 1), (139, 3), (141, 1), (142, 2), (143, 1), (160, 9), (175, 1), (180, 1), (181, 3), (182, 13), (185, 4), (191, 5), (198, 4), (200, 1), (203, 10), (211, 1), (220, 2), (221, 3), (240, 2), (241, 1), (242, 2), (243, 2), (244, 1), (245, 1), (252, 2), (254, 5), (260, 1), (261, 8), (262, 1), (263, 3), (264, 3), (266, 1), (278, 1), (284, 2), (289, 2), (294, 10), (295, 2), (296, 1), (297, 2), (298, 2), (300, 1), (303, 2), (305, 4), (314, 1), (330, 2), (337, 1), (347, 5), (349, 1), (351, 2), (353, 1), (360, 2), (362, 8), (363, 1), (366, 1), (367, 3), (368, 1), (382, 2), (386, 2), (391, 2), (392, 2), (393, 1), (394, 4), (396, 9), (398, 1), (399, 1), (400, 4), (401, 7), (403, 2), (406, 2), (425, 2), (431, 1), (433, 3), (434, 8), (437, 3), (438, 3), (445, 3), (452, 1), (466, 37), (467, 3), (469, 2), (484, 16), (485, 1), (498, 3), (504, 7), (505, 1), (508, 1), (515, 4), (518, 8), (521, 11), (524, 3), (525, 1), (529, 3), (532, 1), (536, 1), (557, 1), (563, 2), (565, 3), (567, 1), (577, 3), (594, 20), (595, 5), (599, 10), (610, 1), (620, 1), (621, 7), (628, 2), (632, 3), (646, 1), (651, 1), (655, 1), (677, 1), (686, 6), (704, 3), (709, 2), (714, 2), (718, 1), (733, 1), (736, 3), (737, 3), (744, 8), (751, 8), (753, 1), (784, 1), (803, 2), (805, 5), (808, 2), (809, 1), (820, 2), (824, 1), (827, 26), (831, 2), (839, 2), (841, 3), (844, 4), (852, 1), (857, 1), (871, 2), (881, 1), (883, 1), (885, 2), (890, 2), (896, 2), (931, 2), (944, 1), (949, 2), (955, 1), (965, 1), (971, 1), (975, 2), (986, 1), (988, 1), (994, 2), (1001, 2), (1004, 3), (1005, 2), (1008, 1), (1013, 1), (1015, 18), (1017, 1), (1028, 5), (1031, 1), (1032, 9), (1036, 1), (1044, 3), (1056, 1), (1058, 4), (1059, 1), (1062, 3), (1071, 1), (1080, 1), (1084, 4), (1114, 1), (1117, 4), (1122, 1), (1139, 1), (1165, 3), (1182, 1), (1202, 1), (1216, 1), (1217, 3), (1218, 1), (1220, 1), (1224, 1), (1227, 4), (1229, 1), (1238, 4), (1254, 2), (1258, 1), (1263, 2), (1269, 1), (1286, 1), (1292, 7), (1318, 2), (1329, 3), (1336, 1), (1357, 2), (1360, 1), (1364, 1), (1370, 4), (1371, 1), (1376, 2), (1379, 5), (1381, 2), (1387, 2), (1439, 1), (1450, 1), (1451, 2), (1464, 1), (1465, 1), (1501, 2), (1505, 1), (1507, 1), (1520, 4), (1522, 4), (1529, 1), (1536, 1), (1538, 4), (1544, 6), (1550, 2), (1563, 1), (1571, 1), (1574, 3), (1577, 1), (1582, 2), (1597, 1), (1603, 1), (1608, 1), (1617, 3), (1624, 1), (1630, 1), (1637, 3), (1646, 1), (1648, 1), (1651, 2), (1652, 1), (1660, 3), (1667, 1), (1686, 2), (1691, 1), (1693, 1), (1695, 1), (1700, 1), (1703, 1), (1704, 1), (1735, 1), (1747, 1), (1754, 1), (1758, 11), (1771, 2), (1778, 3), (1780, 5), (1785, 4), (1801, 1), (1803, 1), (1807, 11), (1811, 9), (1826, 1), (1840, 1), (1846, 1), (1872, 1), (1882, 8), (1904, 5), (1920, 1), (1921, 2), (1923, 3), (1939, 1), (1941, 1), (1972, 2), (1975, 1), (1995, 4), (1997, 2), (2021, 2), (2036, 1), (2048, 1), (2059, 1), (2060, 2), (2061, 1), (2065, 1), (2088, 15), (2091, 1), (2108, 8), (2118, 1), (2120, 3), (2129, 2), (2131, 1), (2134, 1), (2136, 3), (2151, 1), (2172, 1), (2192, 1), (2193, 1), (2198, 2), (2199, 1), (2251, 1), (2304, 3), (2313, 1), (2346, 2), (2360, 3), (2363, 1), (2377, 1), (2386, 1), (2419, 1), (2431, 2), (2432, 2), (2437, 2), (2450, 1), (2459, 1), (2465, 3), (2487, 1), (2488, 1), (2493, 8), (2504, 6), (2505, 1), (2520, 2), (2524, 1), (2528, 1), (2537, 1), (2541, 1), (2542, 5), (2546, 1), (2557, 1), (2562, 1), (2563, 2), (2587, 1), (2597, 1), (2605, 2), (2620, 1), (2625, 1), (2646, 1), (2655, 1), (2668, 3), (2676, 1), (2682, 1), (2686, 1), (2698, 2), (2706, 7), (2721, 1), (2755, 1), (2759, 2), (2769, 1), (2773, 25), (2789, 1), (2800, 6), (2801, 17), (2804, 2), (2808, 1), (2820, 1), (2844, 4), (2845, 1), (2868, 2), (2870, 2), (2872, 1), (2893, 1), (2897, 1), (2904, 1), (2911, 1), (2912, 1), (2921, 1), (2944, 1), (2945, 1), (2946, 1), (2947, 1), (2948, 1), (2949, 1), (2950, 1), (2951, 1), (2952, 1), (2953, 1), (2954, 1), (2955, 1), (2956, 1), (2957, 1), (2958, 1), (2959, 1), (2960, 6), (2961, 4), (2962, 2), (2963, 1), (2964, 1), (2965, 1), (2966, 1), (2967, 1), (2968, 1), (2969, 1), (2970, 1), (2971, 1), (2972, 3), (2973, 1), (2974, 2), (2975, 1), (2976, 1), (2977, 1), (2978, 1), (2979, 1), (2980, 1), (2981, 1), (2982, 1), (2983, 2), (2984, 1), (2985, 1), (2986, 1), (2987, 1), (2988, 6), (2989, 1), (2990, 1), (2991, 1), (2992, 1), (2993, 1), (2994, 1), (2995, 1), (2996, 1), (2997, 1), (2998, 1), (2999, 1), (3000, 3), (3001, 1), (3002, 1), (3003, 1), (3004, 1), (3005, 1), (3006, 1), (3007, 1), (3008, 1), (3009, 4), (3010, 1), (3011, 2), (3012, 2), (3013, 4), (3014, 2), (3015, 1), (3016, 1), (3017, 5), (3018, 2), (3019, 2), (3020, 1), (3021, 3), (3022, 1), (3023, 8), (3024, 10), (3025, 3), (3026, 1), (3027, 3), (3028, 4), (3029, 1), (3030, 1), (3031, 5), (3032, 1), (3033, 1), (3034, 1), (3035, 2), (3036, 1), (3037, 1), (3038, 1), (3039, 1), (3040, 1), (3041, 1), (3042, 30), (3043, 7), (3044, 1), (3045, 3), (3046, 2), (3047, 1), (3048, 1), (3049, 1), (3050, 1), (3051, 7), (3052, 1), (3053, 2), (3054, 1), (3055, 2), (3056, 2), (3057, 1), (3058, 1), (3059, 1), (3060, 3), (3061, 1), (3062, 1), (3063, 1), (3064, 2), (3065, 1), (3066, 2), (3067, 6), (3068, 1), (3069, 2), (3070, 2), (3071, 3), (3072, 1), (3073, 2), (3074, 4), (3075, 1), (3076, 2), (3077, 2), (3078, 1), (3079, 1), (3080, 1), (3081, 1), (3082, 4), (3083, 3), (3084, 1), (3085, 2), (3086, 1), (3087, 1), (3088, 1), (3089, 13), (3090, 2), (3091, 2), (3092, 1), (3093, 1), (3094, 1), (3095, 1), (3096, 1), (3097, 1), (3098, 1), (3099, 1), (3100, 2), (3101, 3), (3102, 1), (3103, 2), (3104, 3), (3105, 2), (3106, 1), (3107, 3), (3108, 1), (3109, 2), (3110, 1), (3111, 1), (3112, 1), (3113, 1), (3114, 1), (3115, 1), (3116, 1), (3117, 1), (3118, 3), (3119, 1), (3120, 2), (3121, 1), (3122, 1), (3123, 1), (3124, 1), (3125, 1), (3126, 1), (3127, 1), (3128, 2), (3129, 1), (3130, 1), (3131, 1), (3132, 1), (3133, 1), (3134, 4), (3135, 1), (3136, 2), (3137, 1), (3138, 2), (3139, 2), (3140, 1), (3141, 1), (3142, 1), (3143, 3), (3144, 2), (3145, 1), (3146, 2), (3147, 1), (3148, 1), (3149, 2), (3150, 2), (3151, 4), (3152, 1), (3153, 1), (3154, 2), (3155, 1), (3156, 1), (3157, 1), (3158, 1), (3159, 1), (3160, 2), (3161, 1), (3162, 1), (3163, 1), (3164, 1), (3165, 1), (3166, 1), (3167, 1), (3168, 1), (3169, 1), (3170, 2), (3171, 1), (3172, 3), (3173, 1), (3174, 1), (3175, 2), (3176, 11), (3177, 1), (3178, 2), (3179, 1), (3180, 1), (3181, 1), (3182, 1), (3183, 1), (3184, 1), (3185, 2), (3186, 7), (3187, 5), (3188, 1), (3189, 1), (3190, 1), (3191, 1), (3192, 3), (3193, 8), (3194, 2), (3195, 1), (3196, 2), (3197, 1), (3198, 1), (3199, 1), (3200, 2), (3201, 1), (3202, 1), (3203, 1), (3204, 2), (3205, 1), (3206, 4), (3207, 1), (3208, 2), (3209, 1), (3210, 1), (3211, 1), (3212, 1), (3213, 1), (3214, 1), (3215, 2), (3216, 2), (3217, 1), (3218, 2), (3219, 1), (3220, 1), (3221, 1), (3222, 1), (3223, 1), (3224, 1), (3225, 1), (3226, 2), (3227, 2), (3228, 1), (3229, 1), (3230, 1), (3231, 1), (3232, 1), (3233, 1), (3234, 3), (3235, 3), (3236, 1), (3237, 1), (3238, 6), (3239, 1), (3240, 2), (3241, 1), (3242, 1), (3243, 1), (3244, 2), (3245, 6), (3246, 4), (3247, 1), (3248, 1), (3249, 1), (3250, 2), (3251, 1), (3252, 3), (3253, 1), (3254, 3), (3255, 1), (3256, 1), (3257, 1), (3258, 1), (3259, 3), (3260, 2), (3261, 1), (3262, 1), (3263, 1), (3264, 4), (3265, 11), (3266, 12), (3267, 5), (3268, 13), (3269, 8), (3270, 2), (3271, 1), (3272, 5), (3273, 1), (3274, 1), (3275, 1), (3276, 1), (3277, 10), (3278, 1), (3279, 1), (3280, 1), (3281, 6), (3282, 1), (3283, 1), (3284, 1), (3285, 1), (3286, 1), (3287, 1), (3288, 2), (3289, 5), (3290, 1), (3291, 1), (3292, 1), (3293, 1), (3294, 1), (3295, 4), (3296, 1), (3297, 1), (3298, 1), (3299, 1), (3300, 4), (3301, 3), (3302, 1), (3303, 2), (3304, 3), (3305, 1), (3306, 1), (3307, 1), (3308, 1), (3309, 1), (3310, 1), (3311, 1), (3312, 1), (3313, 1), (3314, 1), (3315, 1), (3316, 1), (3317, 2), (3318, 2), (3319, 1), (3320, 1), (3321, 3), (3322, 1), (3323, 1), (3324, 2), (3325, 1), (3326, 1), (3327, 5), (3328, 1), (3329, 1), (3330, 6), (3331, 4), (3332, 1), (3333, 1), (3334, 2), (3335, 1), (3336, 1), (3337, 1), (3338, 1), (3339, 2), (3340, 1), (3341, 1), (3342, 1), (3343, 1), (3344, 1), (3345, 1), (3346, 1), (3347, 2), (3348, 1), (3349, 2), (3350, 3), (3351, 1), (3352, 1), (3353, 2), (3354, 2), (3355, 2), (3356, 7), (3357, 1), (3358, 20), (3359, 1), (3360, 1), (3361, 1), (3362, 1), (3363, 1), (3364, 2), (3365, 1), (3366, 2), (3367, 3), (3368, 1), (3369, 1), (3370, 4), (3371, 2), (3372, 2), (3373, 1), (3374, 1), (3375, 1), (3376, 1), (3377, 5), (3378, 1), (3379, 1), (3380, 1), (3381, 1), (3382, 1), (3383, 15), (3384, 18), (3385, 1), (3386, 1), (3387, 2), (3388, 1), (3389, 1), (3390, 1), (3391, 1), (3392, 1), (3393, 1), (3394, 1), (3395, 1), (3396, 2), (3397, 2), (3398, 4), (3399, 14), (3400, 5), (3401, 1), (3402, 4), (3403, 1), (3404, 1), (3405, 1), (3406, 1), (3407, 5), (3408, 2), (3409, 2), (3410, 1), (3411, 1), (3412, 1), (3413, 1), (3414, 1), (3415, 1), (3416, 1), (3417, 1), (3418, 3), (3419, 1), (3420, 3), (3421, 3), (3422, 3), (3423, 1), (3424, 3), (3425, 1), (3426, 1), (3427, 1), (3428, 1), (3429, 2), (3430, 3), (3431, 1), (3432, 1), (3433, 1), (3434, 2), (3435, 1)]"
20,"[(0, 1), (1, 2), (3, 13), (4, 1), (6, 1), (15, 1), (22, 3), (23, 3), (26, 2), (27, 2), (28, 1), (34, 3), (38, 5), (40, 4), (41, 2), (42, 2), (44, 2), (51, 13), (53, 3), (66, 1), (70, 2), (71, 1), (75, 1), (78, 15), (79, 11), (82, 1), (88, 1), (89, 3), (96, 1), (97, 3), (98, 3), (102, 5), (104, 3), (106, 1), (112, 4), (113, 2), (120, 15), (121, 8), (122, 11), (123, 1), (128, 3), (132, 1), (133, 4), (138, 1), (139, 1), (140, 1), (141, 1), (145, 3), (148, 1), (152, 1), (157, 5), (158, 1), (159, 1), (160, 8), (164, 3), (169, 2), (175, 1), (180, 1), (181, 14), (182, 5), (185, 2), (189, 3), (190, 5), (193, 2), (196, 1), (198, 3), (203, 7), (210, 1), (219, 8), (220, 7), (222, 1), (223, 1), (224, 2), (235, 1), (236, 1), (240, 2), (241, 12), (245, 4), (250, 1), (252, 5), (254, 16), (260, 4), (261, 6), (263, 9), (281, 1), (286, 1), (287, 2), (292, 1), (294, 3), (295, 9), (296, 1), (297, 1), (303, 2), (305, 2), (306, 1), (308, 1), (309, 1), (315, 6), (326, 40), (329, 1), (331, 1), (332, 2), (337, 2), (339, 1), (340, 4), (343, 3), (348, 3), (349, 1), (351, 4), (353, 1), (358, 1), (359, 4), (360, 1), (362, 20), (365, 3), (366, 1), (371, 1), (375, 1), (383, 2), (384, 2), (386, 2), (392, 4), (394, 1), (396, 2), (401, 4), (404, 1), (405, 1), (406, 1), (412, 5), (415, 1), (416, 1), (418, 1), (419, 1), (420, 2), (424, 1), (432, 1), (433, 1), (434, 6), (438, 1), (445, 1), (448, 1), (461, 1), (464, 1), (466, 50), (467, 3), (469, 3), (471, 1), (498, 13), (500, 1), (502, 2), (503, 1), (507, 2), (508, 2), (509, 23), (510, 1), (515, 1), (518, 18), (520, 3), (521, 8), (524, 2), (525, 1), (526, 4), (527, 4), (536, 5), (539, 2), (544, 2), (545, 2), (549, 1), (551, 3), (553, 3), (557, 3), (559, 6), (563, 3), (577, 3), (581, 2), (593, 1), (594, 1), (595, 2), (618, 6), (621, 7), (624, 1), (625, 1), (628, 3), (630, 1), (632, 5), (633, 2), (635, 9), (638, 1), (643, 1), (646, 1), (650, 4), (653, 2), (658, 2), (660, 1), (669, 1), (670, 12), (678, 1), (679, 1), (686, 1), (699, 3), (701, 1), (702, 17), (704, 5), (706, 2), (707, 5), (709, 4), (715, 1), (718, 1), (719, 1), (729, 2), (731, 1), (736, 4), (737, 10), (738, 1), (744, 1), (746, 1), (751, 13), (753, 1), (754, 3), (763, 2), (765, 1), (772, 2), (784, 4), (790, 2), (792, 2), (804, 2), (822, 2), (827, 16), (828, 2), (831, 4), (839, 2), (841, 4), (844, 9), (845, 1), (851, 1), (852, 1), (853, 1), (859, 1), (860, 2), (868, 1), (871, 6), (872, 2), (881, 1), (882, 2), (883, 1), (886, 1), (887, 1), (888, 3), (890, 6), (899, 1), (903, 1), (909, 1), (910, 4), (914, 1), (915, 2), (916, 1), (918, 2), (925, 1), (947, 1), (949, 3), (961, 1), (963, 1), (964, 3), (965, 1), (967, 1), (973, 2), (977, 1), (983, 1), (986, 1), (988, 1), (990, 7), (994, 1), (995, 2), (1000, 1), (1001, 1), (1004, 1), (1005, 1), (1008, 5), (1015, 4), (1028, 5), (1035, 1), (1036, 2), (1039, 1), (1044, 3), (1053, 1), (1054, 9), (1058, 7), (1059, 2), (1071, 1), (1080, 12), (1084, 8), (1090, 1), (1094, 1), (1101, 1), (1112, 4), (1114, 16), (1119, 1), (1122, 3), (1124, 1), (1125, 2), (1127, 1), (1129, 1), (1140, 1), (1144, 3), (1168, 1), (1183, 1), (1185, 1), (1186, 1), (1188, 1), (1191, 1), (1202, 8), (1210, 1), (1216, 1), (1220, 2), (1229, 15), (1230, 12), (1235, 1), (1238, 1), (1243, 1), (1245, 1), (1259, 1), (1263, 1), (1267, 1), (1269, 1), (1275, 1), (1292, 1), (1301, 1), (1307, 1), (1318, 1), (1321, 1), (1327, 1), (1329, 2), (1336, 1), (1337, 1), (1354, 3), (1358, 1), (1360, 5), (1364, 1), (1370, 1), (1374, 1), (1379, 9), (1384, 1), (1391, 1), (1395, 1), (1398, 1), (1400, 1), (1413, 1), (1424, 1), (1448, 11), (1450, 1), (1452, 12), (1460, 2), (1471, 1), (1475, 4), (1478, 1), (1487, 1), (1490, 2), (1505, 1), (1506, 1), (1520, 6), (1521, 2), (1523, 3), (1524, 1), (1525, 2), (1534, 1), (1553, 1), (1558, 1), (1566, 1), (1570, 1), (1571, 4), (1578, 1), (1582, 2), (1599, 1), (1603, 2), (1606, 3), (1617, 2), (1618, 2), (1624, 1), (1635, 2), (1646, 2), (1660, 1), (1664, 1), (1674, 1), (1678, 1), (1686, 5), (1691, 2), (1695, 4), (1699, 1), (1701, 1), (1713, 4), (1717, 1), (1725, 1), (1727, 1), (1747, 1), (1758, 3), (1768, 1), (1778, 3), (1781, 4), (1785, 1), (1801, 1), (1807, 1), (1820, 1), (1828, 1), (1850, 2), (1851, 1), (1881, 1), (1882, 1), (1893, 4), (1901, 1), (1904, 2), (1908, 1), (1913, 1), (1921, 6), (1954, 1), (1960, 1), (1974, 1), (1975, 1), (1978, 1), (1994, 1), (1995, 1), (1997, 8), (2010, 2), (2026, 1), (2044, 1), (2049, 1), (2069, 1), (2092, 2), (2100, 1), (2118, 1), (2129, 8), (2131, 1), (2139, 3), (2151, 2), (2159, 1), (2170, 1), (2172, 2), (2174, 1), (2182, 4), (2183, 1), (2191, 5), (2193, 1), (2196, 3), (2198, 1), (2224, 1), (2246, 1), (2255, 1), (2275, 1), (2287, 1), (2304, 1), (2312, 1), (2313, 1), (2318, 2), (2333, 1), (2338, 1), (2360, 8), (2363, 1), (2396, 1), (2409, 1), (2419, 1), (2439, 7), (2442, 1), (2453, 2), (2473, 1), (2483, 1), (2487, 3), (2491, 1), (2499, 1), (2504, 11), (2511, 1), (2520, 5), (2528, 2), (2562, 1), (2563, 3), (2575, 1), (2587, 1), (2618, 1), (2620, 3), (2644, 3), (2649, 1), (2658, 1), (2666, 3), (2677, 1), (2681, 1), (2686, 13), (2688, 9), (2698, 1), (2699, 1), (2701, 1), (2703, 1), (2706, 16), (2707, 1), (2715, 2), (2732, 1), (2755, 1), (2766, 6), (2773, 5), (2774, 1), (2789, 1), (2800, 1), (2801, 4), (2804, 1), (2810, 4), (2837, 1), (2842, 1), (2844, 2), (2845, 1), (2853, 1), (2857, 1), (2860, 1), (2870, 2), (2872, 1), (2878, 1), (2883, 1), (2888, 1), (2891, 1), (2893, 1), (2897, 1), (2903, 1), (2911, 2), (2916, 1), (2928, 1), (2937, 9), (2967, 1), (2974, 1), (2975, 1), (2993, 1), (3011, 3), (3016, 1), (3017, 3), (3018, 1), (3023, 5), (3028, 1), (3029, 1), (3031, 1), (3041, 1), (3045, 4), (3046, 4), (3047, 2), (3051, 3), (3052, 2), (3053, 3), (3064, 1), (3072, 1), (3073, 2), (3074, 1), (3076, 2), (3096, 1), (3102, 3), (3107, 1), (3112, 3), (3115, 2), (3118, 2), (3128, 2), (3136, 6), (3143, 12), (3145, 7), (3146, 1), (3161, 6), (3163, 1), (3165, 2), (3187, 1), (3191, 1), (3199, 2), (3206, 5), (3211, 2), (3213, 2), (3228, 1), (3233, 1), (3234, 1), (3235, 3), (3240, 3), (3241, 1), (3242, 1), (3259, 4), (3264, 3), (3265, 13), (3266, 8), (3267, 3), (3268, 4), (3269, 7), (3270, 2), (3282, 3), (3283, 1), (3288, 1), (3308, 1), (3323, 1), (3327, 7), (3331, 4), (3333, 7), (3338, 2), (3346, 1), (3356, 7), (3358, 6), (3359, 1), (3363, 2), (3366, 1), (3371, 3), (3382, 1), (3383, 4), (3384, 7), (3399, 2), (3402, 1), (3410, 1), (3413, 1), (3414, 2), (3418, 2), (3419, 2), (3420, 2), (3421, 2), (3422, 3), (3426, 2), (3427, 1), (3436, 1), (3437, 1), (3438, 1), (3439, 1), (3440, 1), (3441, 1), (3442, 3), (3443, 1), (3444, 13), (3445, 23), (3446, 1), (3447, 2), (3448, 1), (3449, 1), (3450, 1), (3451, 1), (3452, 1), (3453, 1), (3454, 1), (3455, 6), (3456, 1), (3457, 1), (3458, 1), (3459, 2), (3460, 1), (3461, 1), (3462, 9), (3463, 1), (3464, 2), (3465, 1), (3466, 1), (3467, 4), (3468, 2), (3469, 6), (3470, 1), (3471, 17), (3472, 2), (3473, 1), (3474, 1), (3475, 1), (3476, 1), (3477, 2), (3478, 1), (3479, 1), (3480, 1), (3481, 1), (3482, 6), (3483, 6), (3484, 2), (3485, 1), (3486, 1), (3487, 1), (3488, 4), (3489, 1), (3490, 13), (3491, 1), (3492, 15), (3493, 1), (3494, 1), (3495, 2), (3496, 5), (3497, 2), (3498, 1), (3499, 1), (3500, 1), (3501, 1), (3502, 1), (3503, 2), (3504, 1), (3505, 1), (3506, 1), (3507, 1), (3508, 2), (3509, 1), (3510, 1), (3511, 1), (3512, 1), (3513, 1), (3514, 1), (3515, 1), (3516, 1), (3517, 4), (3518, 1), (3519, 1), (3520, 1), (3521, 1), (3522, 1), (3523, 1), (3524, 2), (3525, 1), (3526, 1), (3527, 1), (3528, 1), (3529, 2), (3530, 2), (3531, 1), (3532, 1), (3533, 4), (3534, 1), (3535, 3), (3536, 1), (3537, 1), (3538, 6), (3539, 2), (3540, 1), (3541, 1), (3542, 3), (3543, 2), (3544, 1), (3545, 1), (3546, 2), (3547, 1), (3548, 1), (3549, 8), (3550, 12), (3551, 2), (3552, 1), (3553, 1), (3554, 1), (3555, 1), (3556, 1), (3557, 1), (3558, 2), (3559, 2), (3560, 1), (3561, 2), (3562, 4), (3563, 1), (3564, 2), (3565, 2), (3566, 1), (3567, 1), (3568, 1), (3569, 3), (3570, 1), (3571, 1), (3572, 6), (3573, 2), (3574, 1), (3575, 2), (3576, 1), (3577, 1), (3578, 1), (3579, 2), (3580, 1), (3581, 1), (3582, 1), (3583, 6), (3584, 4), (3585, 1), (3586, 1), (3587, 1), (3588, 1), (3589, 1), (3590, 1), (3591, 3), (3592, 1), (3593, 2), (3594, 2), (3595, 1), (3596, 1), (3597, 1), (3598, 1), (3599, 3), (3600, 2), (3601, 2), (3602, 1), (3603, 1), (3604, 1), (3605, 1), (3606, 1), (3607, 2), (3608, 1), (3609, 1), (3610, 1), (3611, 1), (3612, 1), (3613, 1), (3614, 1), (3615, 1), (3616, 1), (3617, 1), (3618, 1), (3619, 1), (3620, 3), (3621, 1), (3622, 1), (3623, 1), (3624, 1), (3625, 1), (3626, 1), (3627, 1), (3628, 1), (3629, 1), (3630, 14), (3631, 1), (3632, 1), (3633, 1), (3634, 1), (3635, 1), (3636, 4), (3637, 6), (3638, 2), (3639, 1), (3640, 1), (3641, 1), (3642, 1), (3643, 1), (3644, 1), (3645, 1), (3646, 1), (3647, 2), (3648, 1), (3649, 3), (3650, 1), (3651, 1), (3652, 1), (3653, 1), (3654, 1), (3655, 1), (3656, 1), (3657, 11), (3658, 1), (3659, 1), (3660, 1), (3661, 1), (3662, 1), (3663, 1), (3664, 3), (3665, 1), (3666, 2), (3667, 1), (3668, 1), (3669, 1), (3670, 1), (3671, 1), (3672, 1), (3673, 1), (3674, 5), (3675, 1), (3676, 1), (3677, 1), (3678, 1), (3679, 1), (3680, 1), (3681, 1), (3682, 1), (3683, 4), (3684, 1), (3685, 1), (3686, 1), (3687, 1), (3688, 1), (3689, 1), (3690, 1), (3691, 2), (3692, 1), (3693, 1), (3694, 1), (3695, 1), (3696, 1), (3697, 1), (3698, 2), (3699, 1), (3700, 1), (3701, 2), (3702, 1), (3703, 1), (3704, 1), (3705, 4), (3706, 3), (3707, 1), (3708, 1), (3709, 2), (3710, 1), (3711, 1), (3712, 2), (3713, 4), (3714, 1), (3715, 1), (3716, 1), (3717, 1), (3718, 1), (3719, 2), (3720, 1), (3721, 1), (3722, 1), (3723, 2), (3724, 1), (3725, 1), (3726, 3), (3727, 1), (3728, 1), (3729, 2), (3730, 1), (3731, 1), (3732, 1), (3733, 3), (3734, 1), (3735, 1), (3736, 1), (3737, 1), (3738, 3), (3739, 1), (3740, 1), (3741, 1), (3742, 4), (3743, 1), (3744, 1), (3745, 1), (3746, 1), (3747, 1), (3748, 1), (3749, 1), (3750, 1), (3751, 1), (3752, 1), (3753, 2), (3754, 1), (3755, 1), (3756, 1), (3757, 1), (3758, 1), (3759, 1), (3760, 1), (3761, 1), (3762, 2), (3763, 1), (3764, 1), (3765, 1), (3766, 9), (3767, 1), (3768, 3), (3769, 1), (3770, 1), (3771, 1), (3772, 1), (3773, 4), (3774, 2), (3775, 1), (3776, 1), (3777, 2), (3778, 2), (3779, 1), (3780, 1), (3781, 1), (3782, 1), (3783, 1), (3784, 5), (3785, 1), (3786, 10), (3787, 1), (3788, 1), (3789, 2), (3790, 1), (3791, 14), (3792, 1), (3793, 1), (3794, 1), (3795, 1), (3796, 1), (3797, 1)]"
21,"[(0, 1), (1, 1), (4, 1), (5, 1), (15, 3), (19, 3), (22, 2), (24, 1), (26, 2), (27, 4), (29, 4), (31, 2), (32, 1), (33, 1), (34, 2), (40, 1), (41, 2), (44, 2), (46, 1), (57, 2), (58, 2), (63, 10), (65, 5), (67, 4), (70, 1), (72, 1), (78, 2), (80, 2), (82, 1), (84, 1), (85, 2), (96, 1), (107, 1), (108, 1), (111, 3), (112, 12), (114, 2), (115, 1), (116, 2), (120, 1), (122, 1), (126, 1), (139, 4), (142, 1), (144, 1), (154, 3), (157, 9), (158, 9), (159, 2), (164, 3), (169, 8), (170, 2), (172, 6), (173, 1), (174, 1), (175, 2), (177, 2), (182, 1), (189, 2), (190, 1), (195, 1), (204, 1), (206, 2), (208, 2), (217, 1), (220, 1), (224, 4), (231, 1), (233, 1), (234, 3), (240, 1), (241, 1), (252, 1), (254, 8), (257, 1), (258, 5), (260, 4), (261, 5), (262, 4), (268, 1), (270, 1), (274, 2), (280, 6), (286, 1), (287, 1), (295, 3), (296, 1), (297, 1), (298, 1), (299, 2), (303, 3), (304, 1), (306, 1), (315, 3), (320, 4), (328, 1), (330, 1), (331, 3), (335, 3), (346, 1), (348, 1), (349, 1), (351, 22), (358, 7), (359, 5), (360, 7), (361, 1), (365, 5), (367, 3), (377, 1), (383, 2), (384, 2), (385, 4), (386, 4), (387, 1), (388, 2), (397, 2), (398, 1), (400, 1), (401, 1), (406, 5), (407, 12), (408, 5), (409, 2), (410, 1), (419, 2), (420, 2), (423, 1), (426, 5), (428, 4), (429, 4), (432, 7), (438, 6), (439, 1), (441, 4), (444, 1), (448, 1), (456, 4), (457, 2), (458, 1), (461, 2), (462, 8), (463, 1), (475, 2), (478, 3), (481, 18), (482, 2), (498, 2), (502, 2), (503, 5), (505, 2), (507, 2), (513, 15), (515, 1), (517, 1), (521, 1), (529, 1), (532, 1), (533, 2), (539, 1), (544, 1), (546, 1), (547, 1), (557, 1), (561, 2), (563, 2), (565, 2), (566, 2), (571, 1), (580, 1), (581, 1), (585, 1), (592, 1), (594, 1), (600, 1), (603, 2), (611, 2), (616, 2), (620, 2), (623, 2), (627, 1), (632, 5), (636, 2), (650, 9), (654, 1), (655, 2), (658, 2), (663, 1), (666, 1), (667, 1), (671, 8), (675, 4), (677, 1), (689, 1), (690, 4), (702, 3), (704, 1), (706, 1), (707, 2), (708, 1), (709, 2), (711, 1), (713, 3), (718, 1), (721, 2), (734, 4), (735, 3), (754, 2), (765, 2), (770, 2), (775, 1), (784, 4), (786, 2), (790, 1), (795, 2), (797, 2), (809, 1), (821, 2), (826, 1), (833, 1), (839, 1), (844, 1), (855, 1), (856, 4), (857, 2), (864, 3), (879, 1), (887, 1), (890, 2), (893, 9), (900, 3), (905, 1), (906, 7), (910, 5), (915, 1), (916, 1), (947, 1), (948, 1), (963, 1), (968, 1), (974, 1), (979, 1), (983, 1), (986, 1), (988, 1), (992, 1), (998, 1), (1001, 1), (1004, 1), (1018, 2), (1022, 1), (1024, 3), (1028, 1), (1029, 3), (1036, 1), (1050, 1), (1069, 2), (1070, 2), (1079, 1), (1084, 2), (1100, 1), (1101, 2), (1109, 1), (1113, 1), (1117, 1), (1119, 5), (1125, 2), (1133, 1), (1135, 1), (1150, 1), (1155, 1), (1157, 1), (1224, 4), (1228, 1), (1252, 1), (1267, 2), (1284, 2), (1291, 1), (1296, 1), (1309, 1), (1310, 1), (1314, 1), (1321, 1), (1337, 1), (1341, 2), (1365, 1), (1390, 12), (1401, 1), (1417, 3), (1439, 2), (1455, 1), (1456, 1), (1468, 1), (1472, 1), (1486, 2), (1487, 1), (1491, 2), (1492, 1), (1504, 1), (1508, 1), (1515, 1), (1517, 2), (1519, 1), (1523, 3), (1528, 2), (1529, 1), (1543, 2), (1555, 1), (1557, 1), (1622, 1), (1648, 1), (1690, 1), (1700, 2), (1706, 1), (1729, 1), (1736, 2), (1751, 1), (1754, 1), (1770, 1), (1793, 1), (1861, 1), (1879, 1), (1882, 14), (1883, 3), (1907, 1), (1934, 4), (1942, 1), (1956, 1), (1972, 1), (2002, 1), (2010, 1), (2018, 3), (2021, 1), (2022, 2), (2048, 2), (2054, 1), (2056, 1), (2061, 1), (2063, 1), (2066, 1), (2069, 3), (2070, 1), (2088, 2), (2089, 1), (2090, 1), (2092, 3), (2101, 3), (2129, 2), (2155, 2), (2168, 1), (2172, 1), (2173, 1), (2174, 1), (2194, 1), (2196, 1), (2198, 2), (2236, 2), (2330, 1), (2333, 23), (2346, 1), (2377, 6), (2395, 1), (2413, 1), (2430, 3), (2432, 2), (2463, 2), (2472, 1), (2475, 2), (2485, 1), (2498, 2), (2499, 22), (2500, 1), (2504, 2), (2505, 1), (2506, 3), (2514, 1), (2528, 3), (2530, 1), (2531, 15), (2532, 1), (2539, 4), (2540, 1), (2563, 23), (2565, 1), (2567, 1), (2597, 1), (2611, 2), (2625, 1), (2654, 1), (2664, 1), (2675, 3), (2686, 2), (2698, 2), (2700, 1), (2703, 1), (2732, 1), (2738, 1), (2756, 3), (2769, 1), (2775, 1), (2806, 1), (2820, 2), (2850, 2), (2883, 5), (2886, 1), (2912, 1), (2917, 1), (2922, 1), (2924, 1), (2937, 1), (3017, 1), (3018, 1), (3054, 1), (3083, 1), (3143, 1), (3193, 3), (3244, 1), (3359, 1), (3402, 2), (3429, 1), (3445, 1), (3457, 1), (3467, 1), (3485, 1), (3497, 1), (3508, 1), (3609, 1), (3615, 1), (3625, 10), (3632, 2), (3648, 1), (3721, 2), (3798, 1), (3799, 1), (3800, 1), (3801, 1), (3802, 1), (3803, 1), (3804, 1), (3805, 1), (3806, 1), (3807, 1), (3808, 2), (3809, 3), (3810, 1), (3811, 1), (3812, 1), (3813, 1), (3814, 2), (3815, 1), (3816, 1), (3817, 1), (3818, 1), (3819, 1), (3820, 1), (3821, 1), (3822, 1), (3823, 1), (3824, 1), (3825, 1), (3826, 3), (3827, 1), (3828, 1), (3829, 1), (3830, 1), (3831, 1), (3832, 2), (3833, 1), (3834, 1), (3835, 1), (3836, 2), (3837, 1), (3838, 1), (3839, 1), (3840, 2), (3841, 1), (3842, 2), (3843, 1), (3844, 1), (3845, 1), (3846, 1), (3847, 1), (3848, 1), (3849, 1), (3850, 4), (3851, 1), (3852, 1), (3853, 3), (3854, 1), (3855, 1), (3856, 1), (3857, 1), (3858, 1), (3859, 1), (3860, 1), (3861, 1), (3862, 1), (3863, 1), (3864, 1), (3865, 1), (3866, 1), (3867, 1), (3868, 1), (3869, 5), (3870, 1), (3871, 1), (3872, 1), (3873, 1), (3874, 1), (3875, 1), (3876, 2), (3877, 12), (3878, 1), (3879, 1), (3880, 1), (3881, 1), (3882, 1), (3883, 1), (3884, 1), (3885, 1), (3886, 5), (3887, 5), (3888, 1), (3889, 1), (3890, 1), (3891, 1), (3892, 1), (3893, 2), (3894, 1), (3895, 1), (3896, 1), (3897, 1), (3898, 1), (3899, 1), (3900, 1), (3901, 3), (3902, 1), (3903, 1), (3904, 1), (3905, 1), (3906, 1), (3907, 1), (3908, 1), (3909, 1), (3910, 1), (3911, 1), (3912, 2), (3913, 1), (3914, 1), (3915, 1), (3916, 1), (3917, 2), (3918, 2), (3919, 1), (3920, 1), (3921, 1), (3922, 2), (3923, 2), (3924, 3), (3925, 1), (3926, 1), (3927, 1), (3928, 1), (3929, 1), (3930, 1), (3931, 1), (3932, 1), (3933, 1), (3934, 5), (3935, 9), (3936, 1), (3937, 1), (3938, 1), (3939, 1), (3940, 1), (3941, 1), (3942, 1), (3943, 2), (3944, 1), (3945, 2), (3946, 1), (3947, 1), (3948, 1), (3949, 1), (3950, 1), (3951, 1), (3952, 1), (3953, 1), (3954, 1), (3955, 3), (3956, 1), (3957, 7), (3958, 1), (3959, 1), (3960, 1), (3961, 1)]"
